seizoen,dag,datum,tijd,id_match,thuisploeg_stamnummer,thuisploeg,uitploeg,uitploeg_stamnummer,goal_time,goal_team_naam,goal_team_stamnummer,stand_thuis,stand_uit,valid_goal
2020,1,2020/08/08,16:30:00,3413839,3,Club Brugge,RCSC,22,78',RCSC,22,0,1,True
2020,1,2020/08/08,19:00:00,3413840,1,Antwerp FC,REM,190,49',Antwerp FC,1,1,0,True
2020,1,2020/08/08,19:00:00,3413840,1,Antwerp FC,REM,190,78',REM,190,1,1,True
2020,1,2020/08/08,19:00:00,3413841,16,Standard Luik,Cercle,12,55',Standard Luik,16,1,0,True
2020,1,2020/08/09,13:30:00,3413842,322,St-Truidense VV,Gent,7,2',St-Truidense VV,322,1,0,True
2020,1,2020/08/09,13:30:00,3413842,322,St-Truidense VV,Gent,7,43',Gent,7,1,1,True
2020,1,2020/08/09,13:30:00,3413842,322,St-Truidense VV,Gent,7,60',St-Truidense VV,322,2,1,True
2020,1,2020/08/09,16:00:00,3413843,2159,Zulte Waregem,Genk,290,41',Zulte Waregem,2159,1,0,True
2020,1,2020/08/09,16:00:00,3413843,2159,Zulte Waregem,Genk,290,73',Genk,290,1,1,True
2020,1,2020/08/09,16:00:00,3413843,2159,Zulte Waregem,Genk,290,79',Genk,290,1,2,True
2020,1,2020/08/09,18:15:00,3413844,25,KV Mechelen,RSCA,35,64',RSCA,35,0,1,True
2020,1,2020/08/09,18:15:00,3413844,25,KV Mechelen,RSCA,35,75',RSCA,35,0,2,True
2020,1,2020/08/09,18:15:00,3413844,25,KV Mechelen,RSCA,35,83',KV Mechelen,25,1,2,True
2020,1,2020/08/09,18:15:00,3413844,25,KV Mechelen,RSCA,35,85',KV Mechelen,25,2,2,True
2020,1,2020/08/09,20:45:00,3413845,19,KV Kortrijk,W-B,3780,10',W-B,3780,0,1,True
2020,1,2020/08/09,20:45:00,3413845,19,KV Kortrijk,W-B,3780,54',KV Kortrijk,19,1,1,True
2020,1,2020/08/09,20:45:00,3413845,19,KV Kortrijk,W-B,3780,68',W-B,3780,1,2,True
2020,1,2020/08/09,20:45:00,3413845,19,KV Kortrijk,W-B,3780,90+1',W-B,3780,1,3,True
2020,1,2020/08/10,19:00:00,3413846,2495,OH Leuven,Eupen,92,57',OH Leuven,2495,1,0,True
2020,1,2020/08/10,19:00:00,3413846,2495,OH Leuven,Eupen,92,72',Eupen,92,1,1,True
2020,1,2020/08/10,19:00:00,3413847,31,KV Oostende,KBVA,3530,1',KBVA,3530,0,1,True
2020,1,2020/08/10,19:00:00,3413847,31,KV Oostende,KBVA,3530,63',KV Oostende,31,1,1,True
2020,1,2020/08/10,19:00:00,3413847,31,KV Oostende,KBVA,3530,74',KBVA,3530,1,2,True
2020,2,2020/08/14,19:00:00,3415245,216,Moeskroen,KVM,25,9',KVM,25,0,1,True
2020,2,2020/08/15,16:30:00,3415246,290,KRC Genk,OHL,18,55',KRC Genk,290,1,0,True
2020,2,2020/08/15,16:30:00,3415246,290,KRC Genk,OHL,18,85',OHL,18,1,1,True
2020,2,2020/08/15,19:00:00,3415247,7,KAA Gent,KVK,100,22',KVK,100,0,1,True
2020,2,2020/08/15,19:00:00,3415247,7,KAA Gent,KVK,100,59',KAA Gent,7,1,1,True
2020,2,2020/08/15,19:00:00,3415247,7,KAA Gent,KVK,100,83',KVK,100,1,2,True
2020,2,2020/08/15,19:00:00,3415248,29,R Charleroi SC,KVO,362,76',R Charleroi SC,29,1,0,True
2020,2,2020/08/16,13:30:00,3415249,12,Cercle Brugge,RAFC,2449,32',RAFC,2449,0,1,True
2020,2,2020/08/16,13:30:00,3415249,12,Cercle Brugge,RAFC,2449,80',Cercle Brugge,12,1,1,True
2020,2,2020/08/16,13:30:00,3415249,12,Cercle Brugge,RAFC,2449,86',Cercle Brugge,12,2,1,True
2020,2,2020/08/16,16:00:00,3415250,13,Beerschot V.A.,Zulte,622,32',Beerschot V.A.,13,1,0,True
2020,2,2020/08/16,16:00:00,3415250,13,Beerschot V.A.,Zulte,622,57',Zulte,622,1,1,True
2020,2,2020/08/16,16:00:00,3415250,13,Beerschot V.A.,Zulte,622,68',Beerschot V.A.,13,2,1,True
2020,2,2020/08/16,16:00:00,3415250,13,Beerschot V.A.,Zulte,622,87',Beerschot V.A.,13,3,1,True
2020,2,2020/08/16,16:00:00,3415251,1792,KAS Eupen,FCB,253,14',FCB,253,0,1,True
2020,2,2020/08/16,16:00:00,3415251,1792,KAS Eupen,FCB,253,59',FCB,253,0,2,True
2020,2,2020/08/16,16:00:00,3415251,1792,KAS Eupen,FCB,253,69',FCB,253,0,3,True
2020,2,2020/08/16,16:00:00,3415251,1792,KAS Eupen,FCB,253,76',FCB,253,0,4,True
2020,2,2020/08/16,18:15:00,3415252,35,RSC Anderlecht,STVV,373,41',RSC Anderlecht,35,1,0,True
2020,2,2020/08/16,18:15:00,3415252,35,RSC Anderlecht,STVV,373,47',STVV,373,1,0,False
2020,2,2020/08/16,18:15:00,3415252,35,RSC Anderlecht,STVV,373,50',RSC Anderlecht,35,2,0,True
2020,2,2020/08/16,18:15:00,3415252,35,RSC Anderlecht,STVV,373,88',STVV,373,2,1,True
2020,2,2020/08/16,18:15:00,3415252,35,RSC Anderlecht,STVV,373,90+3',RSC Anderlecht,35,3,1,True
2020,2,2020/08/17,19:00:00,3415253,480,Waasland-Beveren,SL,231,60',Waasland-Beveren,480,1,0,True
2020,2,2020/08/17,19:00:00,3415253,480,Waasland-Beveren,SL,231,67',SL,231,1,1,True
2020,2,2020/08/17,19:00:00,3415253,480,Waasland-Beveren,SL,231,70',SL,231,1,2,True
2020,3,2020/08/22,16:15:00,3415260,2159,Zulte Waregem,W-B,3780,28',Zulte Waregem,2159,1,0,True
2020,3,2020/08/22,16:15:00,3415260,2159,Zulte Waregem,W-B,3780,49',Zulte Waregem,2159,2,0,True
2020,3,2020/08/22,16:15:00,3415260,2159,Zulte Waregem,W-B,3780,63',Zulte Waregem,2159,3,0,True
2020,3,2020/08/22,16:15:00,3415260,2159,Zulte Waregem,W-B,3780,76',W-B,3780,3,1,True
2020,3,2020/08/22,16:15:00,3415260,2159,Zulte Waregem,W-B,3780,90+5',Zulte Waregem,2159,4,1,True
2020,3,2020/08/22,18:30:00,3415256,25,KV Mechelen,Cercle,12,37',KV Mechelen,25,1,0,True
2020,3,2020/08/22,18:30:00,3415256,25,KV Mechelen,Cercle,12,54',Cercle,12,1,1,True
2020,3,2020/08/22,18:30:00,3415256,25,KV Mechelen,Cercle,12,57',Cercle,12,1,2,True
2020,3,2020/08/22,18:30:00,3415256,25,KV Mechelen,Cercle,12,64',KV Mechelen,25,2,2,True
2020,3,2020/08/22,18:30:00,3415256,25,KV Mechelen,Cercle,12,80',Cercle,12,2,3,True
2020,3,2020/08/22,18:30:00,3415257,2495,OH Leuven,RCSC,22,6',RCSC,22,0,1,True
2020,3,2020/08/22,18:30:00,3415257,2495,OH Leuven,RCSC,22,34',OH Leuven,2495,1,1,True
2020,3,2020/08/22,18:30:00,3415257,2495,OH Leuven,RCSC,22,49',RCSC,22,1,2,True
2020,3,2020/08/22,18:30:00,3415257,2495,OH Leuven,RCSC,22,64',RCSC,22,1,2,False
2020,3,2020/08/22,18:30:00,3415257,2495,OH Leuven,RCSC,22,80',RCSC,22,1,3,True
2020,3,2020/08/22,20:45:00,3415254,1,Antwerp FC,Gent,7,17',Antwerp FC,1,1,0,True
2020,3,2020/08/23,13:30:00,3415259,16,Standard Luik,Genk,290,90',Standard Luik,16,1,0,False
2020,3,2020/08/23,16:00:00,3415255,3,Club Brugge,KBVA,3530,28',KBVA,3530,0,1,True
2020,3,2020/08/23,18:15:00,3415258,35,RSC Anderlecht,REM,190,39',REM,190,0,1,False
2020,3,2020/08/23,18:15:00,3415258,35,RSC Anderlecht,REM,190,63',RSC Anderlecht,35,1,0,True
2020,3,2020/08/23,18:15:00,3415258,35,RSC Anderlecht,REM,190,90+3',REM,190,1,1,True
2020,3,2020/08/24,20:45:00,3415261,322,St-Truidense VV,KVO,362,42',St-Truidense VV,322,1,1,False
2020,3,2020/08/24,20:45:00,3415261,322,St-Truidense VV,KVO,362,71',KVO,362,1,1,False
2020,3,2020/08/24,20:45:00,3415261,322,St-Truidense VV,KVO,362,76',KVO,362,1,1,False
2020,4,2020/08/28,20:45:00,3415267,31,KV Oostende,RSCA,35,11',KV Oostende,31,1,0,True
2020,4,2020/08/28,20:45:00,3415267,31,KV Oostende,RSCA,35,34',KV Oostende,31,2,0,True
2020,4,2020/08/28,20:45:00,3415267,31,KV Oostende,RSCA,35,35',RSCA,35,2,1,True
2020,4,2020/08/28,20:45:00,3415267,31,KV Oostende,RSCA,35,54',RSCA,35,2,2,True
2020,4,2020/08/29,16:15:00,3415271,1792,KAS Eupen,STVV,373,13',KAS Eupen,1792,1,0,True
2020,4,2020/08/29,16:15:00,3415271,1792,KAS Eupen,STVV,373,25',KAS Eupen,1792,1,0,False
2020,4,2020/08/29,16:15:00,3415271,1792,KAS Eupen,STVV,373,85',STVV,373,1,1,True
2020,4,2020/08/29,18:30:00,3415265,12,Cercle Brugge,KVK,100,67',KVK,100,0,1,True
2020,4,2020/08/29,18:30:00,3415270,480,Waasland-Beveren,OHL,18,30',OHL,18,0,1,True
2020,4,2020/08/29,18:30:00,3415270,480,Waasland-Beveren,OHL,18,51',Waasland-Beveren,480,1,1,True
2020,4,2020/08/29,18:30:00,3415270,480,Waasland-Beveren,OHL,18,58',OHL,18,1,2,True
2020,4,2020/08/29,18:30:00,3415270,480,Waasland-Beveren,OHL,18,90',OHL,18,1,3,True
2020,4,2020/08/29,18:30:00,3415270,480,Waasland-Beveren,OHL,18,90+6',Waasland-Beveren,480,1,3,False
2020,4,2020/08/29,20:45:00,3415268,216,Moeskroen,Zulte,622,73',Zulte,622,0,1,True
2020,4,2020/08/30,13:30:00,3415266,290,KRC Genk,FCB,253,22',FCB,253,0,1,True
2020,4,2020/08/30,13:30:00,3415266,290,KRC Genk,FCB,253,47',KRC Genk,290,0,1,False
2020,4,2020/08/30,13:30:00,3415266,290,KRC Genk,FCB,253,61',KRC Genk,290,1,1,True
2020,4,2020/08/30,13:30:00,3415266,290,KRC Genk,FCB,253,83',FCB,253,1,2,True
2020,4,2020/08/30,16:00:00,3415264,13,Beerschot V.A.,SL,231,32',SL,231,0,1,True
2020,4,2020/08/30,16:00:00,3415264,13,Beerschot V.A.,SL,231,76',SL,231,0,2,True
2020,4,2020/08/30,16:00:00,3415264,13,Beerschot V.A.,SL,231,83',SL,231,0,3,True
2020,4,2020/08/30,18:15:00,3415269,29,R Charleroi SC,RAFC,2449,17',R Charleroi SC,29,1,0,True
2020,4,2020/08/30,18:15:00,3415269,29,R Charleroi SC,RAFC,2449,22',RAFC,2449,1,0,False
2020,4,2020/08/30,18:15:00,3415269,29,R Charleroi SC,RAFC,2449,90+1',R Charleroi SC,29,2,0,True
2020,4,2020/08/30,20:45:00,3415263,7,KAA Gent,KVM,25,36',KAA Gent,7,1,0,True
2020,5,2020/09/11,20:45:00,3415275,1792,KAS Eupen,Gent,7,35',KAS Eupen,1792,1,0,True
2020,5,2020/09/11,20:45:00,3415275,1792,KAS Eupen,Gent,7,53',KAS Eupen,1792,2,0,True
2020,5,2020/09/11,20:45:00,3415275,1792,KAS Eupen,Gent,7,63',Gent,7,2,1,True
2020,5,2020/09/11,20:45:00,3415275,1792,KAS Eupen,Gent,7,73',Gent,7,2,1,False
2020,5,2020/09/12,16:15:00,3415272,25,KV Mechelen,KVO,362,90+5',KVO,362,0,1,True
2020,5,2020/09/12,18:30:00,3415277,2495,OH Leuven,SL,231,60',SL,231,0,1,False
2020,5,2020/09/12,18:30:00,3415277,2495,OH Leuven,SL,231,77',OH Leuven,2495,1,0,True
2020,5,2020/09/12,20:45:00,3415274,3,Club Brugge,W-B,3780,16',Club Brugge,3,1,0,True
2020,5,2020/09/12,20:45:00,3415274,3,Club Brugge,W-B,3780,30',W-B,3780,1,1,True
2020,5,2020/09/12,20:45:00,3415274,3,Club Brugge,W-B,3780,39',Club Brugge,3,2,1,True
2020,5,2020/09/12,20:45:00,3415274,3,Club Brugge,W-B,3780,50',Club Brugge,3,3,1,True
2020,5,2020/09/12,20:45:00,3415274,3,Club Brugge,W-B,3780,84',Club Brugge,3,4,1,True
2020,5,2020/09/13,13:30:00,3415278,35,RSC Anderlecht,Cercle,12,36',RSC Anderlecht,35,1,0,True
2020,5,2020/09/13,13:30:00,3415278,35,RSC Anderlecht,Cercle,12,68',RSC Anderlecht,35,2,0,True
2020,5,2020/09/13,16:00:00,3415279,322,St-Truidense VV,RAFC,2449,1',St-Truidense VV,322,1,0,True
2020,5,2020/09/13,16:00:00,3415279,322,St-Truidense VV,RAFC,2449,16',RAFC,2449,1,1,True
2020,5,2020/09/13,16:00:00,3415279,322,St-Truidense VV,RAFC,2449,23',St-Truidense VV,322,2,1,True
2020,5,2020/09/13,16:00:00,3415279,322,St-Truidense VV,RAFC,2449,33',RAFC,2449,2,2,True
2020,5,2020/09/13,16:00:00,3415279,322,St-Truidense VV,RAFC,2449,72',RAFC,2449,2,2,False
2020,5,2020/09/13,16:00:00,3415279,322,St-Truidense VV,RAFC,2449,88',RAFC,2449,2,3,True
2020,5,2020/09/13,16:00:00,3415279,322,St-Truidense VV,RAFC,2449,89',St-Truidense VV,322,2,3,False
2020,5,2020/09/13,18:15:00,3415280,2159,Zulte Waregem,RCSC,22,71',RCSC,22,0,1,True
2020,5,2020/09/13,18:15:00,3415280,2159,Zulte Waregem,RCSC,22,88',RCSC,22,0,2,True
2020,5,2020/09/13,20:45:00,3415276,19,KV Kortrijk,REM,190,32',REM,190,0,2,False
2020,5,2020/09/13,20:45:00,3415276,19,KV Kortrijk,REM,190,59',KV Kortrijk,19,1,0,True
2020,5,2020/09/13,20:45:00,3415276,19,KV Kortrijk,REM,190,63',KV Kortrijk,19,2,0,True
2020,5,2020/09/13,20:45:00,3415276,19,KV Kortrijk,REM,190,83',KV Kortrijk,19,3,0,True
2020,5,2020/09/13,20:45:00,3415276,19,KV Kortrijk,REM,190,85',REM,190,3,0,False
2020,5,2020/09/14,20:45:00,3415273,13,Beerschot V.A.,Genk,290,12',Beerschot V.A.,13,1,0,True
2020,5,2020/09/14,20:45:00,3415273,13,Beerschot V.A.,Genk,290,19',Genk,290,1,1,True
2020,5,2020/09/14,20:45:00,3415273,13,Beerschot V.A.,Genk,290,49',Beerschot V.A.,13,2,1,True
2020,5,2020/09/14,20:45:00,3415273,13,Beerschot V.A.,Genk,290,59',Genk,290,2,1,False
2020,5,2020/09/14,20:45:00,3415273,13,Beerschot V.A.,Genk,290,63',Beerschot V.A.,13,3,1,True
2020,5,2020/09/14,20:45:00,3415273,13,Beerschot V.A.,Genk,290,68',Genk,290,3,1,False
2020,5,2020/09/14,20:45:00,3415273,13,Beerschot V.A.,Genk,290,76',Genk,290,3,2,True
2020,5,2020/09/14,20:45:00,3415273,13,Beerschot V.A.,Genk,290,85',Beerschot V.A.,13,4,2,True
2020,5,2020/09/14,20:45:00,3415273,13,Beerschot V.A.,Genk,290,90',Beerschot V.A.,13,5,2,True
2020,6,2020/09/18,20:45:00,3415286,29,R Charleroi SC,KBVA,3530,29',R Charleroi SC,29,1,0,True
2020,6,2020/09/18,20:45:00,3415286,29,R Charleroi SC,KBVA,3530,55',R Charleroi SC,29,2,0,True
2020,6,2020/09/18,20:45:00,3415286,29,R Charleroi SC,KBVA,3530,87',R Charleroi SC,29,3,0,True
2020,6,2020/09/18,20:45:00,3415286,29,R Charleroi SC,KBVA,3530,90+1',KBVA,3530,3,1,True
2020,6,2020/09/19,16:15:00,3415285,31,KV Oostende,OHL,18,26',KV Oostende,31,1,0,True
2020,6,2020/09/19,16:15:00,3415285,31,KV Oostende,OHL,18,50',KV Oostende,31,2,0,True
2020,6,2020/09/19,16:15:00,3415285,31,KV Oostende,OHL,18,60',KV Oostende,31,3,0,True
2020,6,2020/09/19,16:15:00,3415285,31,KV Oostende,OHL,18,79',OHL,18,3,1,True
2020,6,2020/09/19,18:30:00,3415281,216,Moeskroen,Gent,7,14',Gent,7,0,1,True
2020,6,2020/09/19,18:30:00,3415281,216,Moeskroen,Gent,7,22',Gent,7,0,1,False
2020,6,2020/09/19,20:45:00,3415289,480,Waasland-Beveren,RSCA,35,3',RSCA,35,0,1,True
2020,6,2020/09/19,20:45:00,3415289,480,Waasland-Beveren,RSCA,35,18',RSCA,35,0,2,True
2020,6,2020/09/19,20:45:00,3415289,480,Waasland-Beveren,RSCA,35,45+1',RSCA,35,0,2,False
2020,6,2020/09/19,20:45:00,3415289,480,Waasland-Beveren,RSCA,35,55',RSCA,35,0,3,True
2020,6,2020/09/19,20:45:00,3415289,480,Waasland-Beveren,RSCA,35,60',RSCA,35,0,4,True
2020,6,2020/09/19,20:45:00,3415289,480,Waasland-Beveren,RSCA,35,64',Waasland-Beveren,480,1,4,True
2020,6,2020/09/19,20:45:00,3415289,480,Waasland-Beveren,RSCA,35,88',Waasland-Beveren,480,2,4,True
2020,6,2020/09/20,13:30:00,3415288,2159,Zulte Waregem,FCB,253,6',FCB,253,0,1,True
2020,6,2020/09/20,13:30:00,3415288,2159,Zulte Waregem,FCB,253,19',FCB,253,0,2,True
2020,6,2020/09/20,13:30:00,3415288,2159,Zulte Waregem,FCB,253,31',FCB,253,0,3,True
2020,6,2020/09/20,13:30:00,3415288,2159,Zulte Waregem,FCB,253,41',FCB,253,0,4,True
2020,6,2020/09/20,13:30:00,3415288,2159,Zulte Waregem,FCB,253,67',FCB,253,0,5,True
2020,6,2020/09/20,13:30:00,3415288,2159,Zulte Waregem,FCB,253,74',FCB,253,0,6,True
2020,6,2020/09/20,16:00:00,3415287,16,Standard Luik,KVK,100,31',Standard Luik,16,1,0,True
2020,6,2020/09/20,16:00:00,3415287,16,Standard Luik,KVK,100,35',Standard Luik,16,2,0,True
2020,6,2020/09/20,16:00:00,3415287,16,Standard Luik,KVK,100,36',KVK,100,2,1,True
2020,6,2020/09/20,18:15:00,3415284,290,KRC Genk,KVM,25,6',KVM,25,0,1,True
2020,6,2020/09/20,18:15:00,3415284,290,KRC Genk,KVM,25,10',KRC Genk,290,1,1,True
2020,6,2020/09/20,18:15:00,3415284,290,KRC Genk,KVM,25,55',KRC Genk,290,2,1,True
2020,6,2020/09/20,18:15:00,3415284,290,KRC Genk,KVM,25,68',KRC Genk,290,3,1,True
2020,6,2020/09/20,20:45:00,3415283,1,Antwerp FC,Eupen,92,45+2',Eupen,92,0,1,True
2020,6,2020/09/20,20:45:00,3415283,1,Antwerp FC,Eupen,92,53',Eupen,92,0,2,True
2020,6,2020/09/20,20:45:00,3415283,1,Antwerp FC,Eupen,92,62',Antwerp FC,1,1,2,True
2020,6,2020/09/20,20:45:00,3415283,1,Antwerp FC,Eupen,92,77',Antwerp FC,1,2,2,True
2020,6,2020/09/21,20:45:00,3415282,12,Cercle Brugge,STVV,373,25',Cercle Brugge,12,1,0,True
2020,6,2020/09/21,20:45:00,3415282,12,Cercle Brugge,STVV,373,31',Cercle Brugge,12,2,0,True
2020,6,2020/09/21,20:45:00,3415282,12,Cercle Brugge,STVV,373,90+1',Cercle Brugge,12,3,0,True
2020,7,2020/09/25,20:45:00,3415295,19,KV Kortrijk,RAFC,2449,3',KV Kortrijk,19,1,0,True
2020,7,2020/09/25,20:45:00,3415295,19,KV Kortrijk,RAFC,2449,63',RAFC,2449,1,1,True
2020,7,2020/09/25,20:45:00,3415295,19,KV Kortrijk,RAFC,2449,82',RAFC,2449,1,2,True
2020,7,2020/09/25,20:45:00,3415295,19,KV Kortrijk,RAFC,2449,90+2',RAFC,2449,1,3,True
2020,7,2020/09/26,16:15:00,3415291,13,Beerschot V.A.,W-B,3780,11',W-B,3780,0,1,True
2020,7,2020/09/26,16:15:00,3415291,13,Beerschot V.A.,W-B,3780,14',W-B,3780,0,2,True
2020,7,2020/09/26,16:15:00,3415291,13,Beerschot V.A.,W-B,3780,42',Beerschot V.A.,13,1,2,True
2020,7,2020/09/26,16:15:00,3415291,13,Beerschot V.A.,W-B,3780,79',Beerschot V.A.,13,2,2,True
2020,7,2020/09/26,16:15:00,3415291,13,Beerschot V.A.,W-B,3780,90+6',Beerschot V.A.,13,3,2,True
2020,7,2020/09/26,18:30:00,3415296,25,KV Mechelen,STVV,373,60',KV Mechelen,25,1,0,True
2020,7,2020/09/26,18:30:00,3415296,25,KV Mechelen,STVV,373,64',KV Mechelen,25,2,0,True
2020,7,2020/09/26,20:45:00,3415293,7,KAA Gent,OHL,18,41',OHL,18,0,1,True
2020,7,2020/09/26,20:45:00,3415293,7,KAA Gent,OHL,18,44',OHL,18,0,2,True
2020,7,2020/09/26,20:45:00,3415293,7,KAA Gent,OHL,18,48',OHL,18,0,3,True
2020,7,2020/09/26,20:45:00,3415293,7,KAA Gent,OHL,18,71',KAA Gent,7,1,3,True
2020,7,2020/09/26,20:45:00,3415293,7,KAA Gent,OHL,18,74',KAA Gent,7,2,3,True
2020,7,2020/09/27,13:30:00,3415290,16,Standard Luik,Zulte,622,10',Zulte,622,0,1,True
2020,7,2020/09/27,13:30:00,3415290,16,Standard Luik,Zulte,622,47',Standard Luik,16,1,1,True
2020,7,2020/09/27,13:30:00,3415290,16,Standard Luik,Zulte,622,49',Zulte,622,1,2,True
2020,7,2020/09/27,13:30:00,3415290,16,Standard Luik,Zulte,622,81',Standard Luik,16,2,2,True
2020,7,2020/09/27,16:00:00,3415298,35,RSC Anderlecht,Eupen,92,71',RSC Anderlecht,35,1,0,True
2020,7,2020/09/27,16:00:00,3415298,35,RSC Anderlecht,Eupen,92,90',Eupen,92,1,1,True
2020,7,2020/09/27,18:15:00,3415292,3,Club Brugge,Cercle,12,22',Club Brugge,3,1,0,True
2020,7,2020/09/27,18:15:00,3415292,3,Club Brugge,Cercle,12,46',Cercle,12,1,1,True
2020,7,2020/09/27,18:15:00,3415292,3,Club Brugge,Cercle,12,68',Club Brugge,3,2,1,True
2020,7,2020/09/27,20:45:00,3415297,216,Moeskroen,RCSC,22,30',RCSC,22,0,1,True
2020,7,2020/09/27,20:45:00,3415297,216,Moeskroen,RCSC,22,45+2',Moeskroen,216,1,1,True
2020,7,2020/09/28,20:45:00,3415294,290,KRC Genk,KVO,362,3',KVO,362,0,1,True
2020,7,2020/09/28,20:45:00,3415294,290,KRC Genk,KVO,362,9',KRC Genk,290,1,1,True
2020,7,2020/09/28,20:45:00,3415294,290,KRC Genk,KVO,362,52',KRC Genk,290,2,1,True
2020,7,2020/09/28,20:45:00,3415294,290,KRC Genk,KVO,362,56',KRC Genk,290,2,1,False
2020,7,2020/09/28,20:45:00,3415294,290,KRC Genk,KVO,362,83',KVO,362,2,2,True
2020,8,2020/10/02,20:45:00,3415300,1,Antwerp FC,KVM,25,5',Antwerp FC,1,1,0,True
2020,8,2020/10/02,20:45:00,3415300,1,Antwerp FC,KVM,25,8',Antwerp FC,1,2,0,True
2020,8,2020/10/02,20:45:00,3415300,1,Antwerp FC,KVM,25,43',Antwerp FC,1,3,0,True
2020,8,2020/10/02,20:45:00,3415300,1,Antwerp FC,KVM,25,67',KVM,25,3,1,True
2020,8,2020/10/02,20:45:00,3415300,1,Antwerp FC,KVM,25,78',Antwerp FC,1,4,1,True
2020,8,2020/10/03,16:15:00,3415307,480,Waasland-Beveren,Genk,290,67',Genk,290,0,1,True
2020,8,2020/10/03,16:15:00,3415307,480,Waasland-Beveren,Genk,290,90+6',Waasland-Beveren,480,1,1,True
2020,8,2020/10/03,18:30:00,3415303,1792,KAS Eupen,Cercle,12,5',Cercle,12,0,1,True
2020,8,2020/10/03,18:30:00,3415303,1792,KAS Eupen,Cercle,12,39',KAS Eupen,1792,1,1,True
2020,8,2020/10/03,18:30:00,3415303,1792,KAS Eupen,Cercle,12,76',Cercle,12,1,2,True
2020,8,2020/10/03,18:30:00,3415305,2495,OH Leuven,Zulte,622,19',OH Leuven,2495,1,0,True
2020,8,2020/10/03,18:30:00,3415305,2495,OH Leuven,Zulte,622,63',OH Leuven,2495,2,0,True
2020,8,2020/10/03,18:30:00,3415305,2495,OH Leuven,Zulte,622,70',Zulte,622,2,1,True
2020,8,2020/10/03,20:45:00,3415306,322,St-Truidense VV,KVK,100,71',KVK,100,2,1,False
2020,8,2020/10/04,13:30:00,3415301,3,Club Brugge,RSCA,35,23',Club Brugge,3,1,0,True
2020,8,2020/10/04,13:30:00,3415301,3,Club Brugge,RSCA,35,48',Club Brugge,3,2,0,True
2020,8,2020/10/04,13:30:00,3415301,3,Club Brugge,RSCA,35,72',RSCA,35,2,0,False
2020,8,2020/10/04,13:30:00,3415301,3,Club Brugge,RSCA,35,90+4',Club Brugge,3,3,0,True
2020,8,2020/10/04,16:00:00,3415302,7,KAA Gent,KBVA,3530,12',KAA Gent,7,1,0,True
2020,8,2020/10/04,16:00:00,3415302,7,KAA Gent,KBVA,3530,15',KAA Gent,7,2,0,True
2020,8,2020/10/04,16:00:00,3415302,7,KAA Gent,KBVA,3530,29',KAA Gent,7,3,0,True
2020,8,2020/10/04,16:00:00,3415302,7,KAA Gent,KBVA,3530,61',KAA Gent,7,4,0,True
2020,8,2020/10/04,16:00:00,3415302,7,KAA Gent,KBVA,3530,79',KAA Gent,7,5,0,True
2020,8,2020/10/04,16:00:00,3415302,7,KAA Gent,KBVA,3530,90+1',KBVA,3530,5,1,True
2020,8,2020/10/04,18:15:00,3415299,29,R Charleroi SC,SL,231,79',SL,231,0,1,True
2020,8,2020/10/04,18:15:00,3415299,29,R Charleroi SC,SL,231,84',SL,231,0,2,True
2020,8,2020/10/04,18:15:00,3415299,29,R Charleroi SC,SL,231,87',R Charleroi SC,29,1,2,True
2020,8,2020/10/04,20:45:00,3415304,31,KV Oostende,REM,190,60',KV Oostende,31,1,0,True
2020,8,2020/10/04,20:45:00,3415304,31,KV Oostende,REM,190,81',KV Oostende,31,2,0,True
2020,8,2020/10/04,20:45:00,3415304,31,KV Oostende,REM,190,90+3',KV Oostende,31,3,0,True
2020,9,2020/10/17,16:15:00,3415310,12,Cercle Brugge,Gent,7,4',Cercle Brugge,12,1,0,True
2020,9,2020/10/17,16:15:00,3415310,12,Cercle Brugge,Gent,7,14',Gent,7,1,1,True
2020,9,2020/10/17,16:15:00,3415310,12,Cercle Brugge,Gent,7,31',Cercle Brugge,12,2,1,True
2020,9,2020/10/17,16:15:00,3415310,12,Cercle Brugge,Gent,7,57',Cercle Brugge,12,3,1,True
2020,9,2020/10/17,16:15:00,3415310,12,Cercle Brugge,Gent,7,64',Gent,7,3,2,True
2020,9,2020/10/17,16:15:00,3415310,12,Cercle Brugge,Gent,7,78',Cercle Brugge,12,4,2,True
2020,9,2020/10/17,16:15:00,3415310,12,Cercle Brugge,Gent,7,82',Cercle Brugge,12,5,2,True
2020,9,2020/10/17,18:30:00,3415309,13,Beerschot V.A.,STVV,373,2',Beerschot V.A.,13,1,0,True
2020,9,2020/10/17,18:30:00,3415309,13,Beerschot V.A.,STVV,373,17',Beerschot V.A.,13,2,0,True
2020,9,2020/10/17,18:30:00,3415309,13,Beerschot V.A.,STVV,373,25',Beerschot V.A.,13,3,0,True
2020,9,2020/10/17,18:30:00,3415309,13,Beerschot V.A.,STVV,373,34',Beerschot V.A.,13,4,0,True
2020,9,2020/10/17,18:30:00,3415309,13,Beerschot V.A.,STVV,373,40',Beerschot V.A.,13,5,0,True
2020,9,2020/10/17,18:30:00,3415309,13,Beerschot V.A.,STVV,373,44',STVV,373,5,1,True
2020,9,2020/10/17,18:30:00,3415309,13,Beerschot V.A.,STVV,373,49',STVV,373,5,2,True
2020,9,2020/10/17,18:30:00,3415309,13,Beerschot V.A.,STVV,373,57',Beerschot V.A.,13,6,2,True
2020,9,2020/10/17,18:30:00,3415309,13,Beerschot V.A.,STVV,373,74',STVV,373,6,3,True
2020,9,2020/10/17,18:30:00,3415311,25,KV Mechelen,KVK,100,53',KV Mechelen,25,1,0,True
2020,9,2020/10/17,18:30:00,3415311,25,KV Mechelen,KVK,100,55',KV Mechelen,25,1,0,False
2020,9,2020/10/17,18:30:00,3415311,25,KV Mechelen,KVK,100,71',KVK,100,1,1,True
2020,9,2020/10/17,18:30:00,3415311,25,KV Mechelen,KVK,100,74',KVK,100,1,2,True
2020,9,2020/10/17,20:45:00,3415314,16,Standard Luik,FCB,253,40',FCB,253,0,1,True
2020,9,2020/10/17,20:45:00,3415314,16,Standard Luik,FCB,253,61',Standard Luik,16,0,1,False
2020,9,2020/10/17,20:45:00,3415314,16,Standard Luik,FCB,253,90+3',Standard Luik,16,1,1,True
2020,9,2020/10/18,13:30:00,3415315,2159,Zulte Waregem,RAFC,2449,7',Zulte Waregem,2159,1,0,True
2020,9,2020/10/18,13:30:00,3415315,2159,Zulte Waregem,RAFC,2449,57',RAFC,2449,1,1,True
2020,9,2020/10/18,13:30:00,3415315,2159,Zulte Waregem,RAFC,2449,64',RAFC,2449,1,2,True
2020,9,2020/10/18,13:30:00,3415315,2159,Zulte Waregem,RAFC,2449,90+4',RAFC,2449,1,3,True
2020,9,2020/10/18,16:00:00,3415312,216,Moeskroen,Eupen,92,47',Eupen,92,0,1,True
2020,9,2020/10/18,16:00:00,3415312,216,Moeskroen,Eupen,92,79',Eupen,92,0,2,True
2020,9,2020/10/18,18:15:00,3415308,290,KRC Genk,RCSC,22,25',KRC Genk,290,1,0,True
2020,9,2020/10/18,18:15:00,3415308,290,KRC Genk,RCSC,22,48',RCSC,22,1,1,True
2020,9,2020/10/18,18:15:00,3415308,290,KRC Genk,RCSC,22,63',KRC Genk,290,2,1,True
2020,9,2020/10/18,18:15:00,3415308,290,KRC Genk,RCSC,22,82',KRC Genk,290,2,1,False
2020,9,2020/10/18,20:30:00,3415313,35,RSC Anderlecht,OHL,18,38',RSC Anderlecht,35,1,0,True
2020,9,2020/10/18,20:30:00,3415313,35,RSC Anderlecht,OHL,18,45',RSC Anderlecht,35,2,0,True
2020,9,2020/10/18,20:30:00,3415313,35,RSC Anderlecht,OHL,18,53',OHL,18,2,1,True
2020,9,2020/10/18,20:30:00,3415313,35,RSC Anderlecht,OHL,18,84',OHL,18,2,2,True
2020,9,2020/11/24,17:00:00,3415316,480,Waasland-Beveren,KVO,362,46',Waasland-Beveren,480,1,0,True
2020,9,2020/11/24,17:00:00,3415316,480,Waasland-Beveren,KVO,362,61',Waasland-Beveren,480,2,0,True
2020,10,2020/10/23,20:45:00,3415321,19,KV Kortrijk,RSCA,35,6',RSCA,35,0,1,True
2020,10,2020/10/23,20:45:00,3415321,19,KV Kortrijk,RSCA,35,30',RSCA,35,0,2,True
2020,10,2020/10/23,20:45:00,3415321,19,KV Kortrijk,RSCA,35,65',RSCA,35,0,3,True
2020,10,2020/10/23,20:45:00,3415321,19,KV Kortrijk,RSCA,35,87',KV Kortrijk,19,1,3,True
2020,10,2020/10/24,20:45:00,3415323,2495,OH Leuven,FCB,253,21',OH Leuven,2495,1,0,True
2020,10,2020/10/24,20:45:00,3415323,2495,OH Leuven,FCB,253,45',FCB,253,1,1,True
2020,10,2020/10/24,20:45:00,3415323,2495,OH Leuven,FCB,253,57',OH Leuven,2495,2,1,True
2020,10,2020/10/25,13:30:00,3415318,1,Antwerp FC,KBVA,3530,7',Antwerp FC,1,1,0,True
2020,10,2020/10/25,13:30:00,3415318,1,Antwerp FC,KBVA,3530,15',Antwerp FC,1,2,0,True
2020,10,2020/10/25,13:30:00,3415318,1,Antwerp FC,KBVA,3530,25',KBVA,3530,2,1,True
2020,10,2020/10/25,13:30:00,3415318,1,Antwerp FC,KBVA,3530,73',KBVA,3530,2,2,True
2020,10,2020/10/25,13:30:00,3415318,1,Antwerp FC,KBVA,3530,74',Antwerp FC,1,3,2,True
2020,10,2020/10/25,16:00:00,3415322,31,KV Oostende,Zulte,622,32',KV Oostende,31,1,0,True
2020,10,2020/10/25,16:00:00,3415322,31,KV Oostende,Zulte,622,33',KV Oostende,31,2,0,True
2020,10,2020/10/25,16:00:00,3415322,31,KV Oostende,Zulte,622,37',KV Oostende,31,3,0,True
2020,10,2020/10/25,18:15:00,3415325,322,St-Truidense VV,SL,231,37',St-Truidense VV,322,1,0,True
2020,10,2020/10/25,18:15:00,3415325,322,St-Truidense VV,SL,231,73',St-Truidense VV,322,2,0,True
2020,10,2020/10/26,20:45:00,3415319,7,KAA Gent,Genk,290,24',KAA Gent,7,1,0,True
2020,10,2020/10/26,20:45:00,3415319,7,KAA Gent,Genk,290,40',Genk,290,1,1,True
2020,10,2020/10/26,20:45:00,3415319,7,KAA Gent,Genk,290,84',Genk,290,1,2,True
2020,10,2020/11/25,17:00:00,3415317,12,Cercle Brugge,REM,190,64',Cercle Brugge,12,1,0,True
2020,10,2020/11/25,17:00:00,3415317,12,Cercle Brugge,REM,190,81',REM,190,1,1,True
2020,10,2020/11/25,17:00:00,3415317,12,Cercle Brugge,REM,190,87',REM,190,1,2,True
2020,10,2020/12/02,17:00:00,3415324,29,R Charleroi SC,W-B,3780,35',W-B,3780,0,1,True
2020,10,2020/12/02,17:00:00,3415324,29,R Charleroi SC,W-B,3780,45+1',R Charleroi SC,29,0,1,False
2020,10,2020/12/02,17:00:00,3415324,29,R Charleroi SC,W-B,3780,90+1',W-B,3780,0,2,True
2020,10,2020/12/03,17:00:00,3415320,1792,KAS Eupen,KVM,25,20',KAS Eupen,1792,1,0,True
2020,10,2020/12/03,17:00:00,3415320,1792,KAS Eupen,KVM,25,90+2',KVM,25,1,1,True
2020,11,2020/10/30,20:45:00,3415328,290,KRC Genk,Eupen,92,5',KRC Genk,290,1,0,True
2020,11,2020/10/30,20:45:00,3415328,290,KRC Genk,Eupen,92,48',KRC Genk,290,2,0,True
2020,11,2020/10/30,20:45:00,3415328,290,KRC Genk,Eupen,92,74',KRC Genk,290,3,0,True
2020,11,2020/10/30,20:45:00,3415328,290,KRC Genk,Eupen,92,82',KRC Genk,290,4,0,True
2020,11,2020/10/31,16:15:00,3415326,13,Beerschot V.A.,OHL,18,16',OHL,18,0,1,True
2020,11,2020/10/31,16:15:00,3415326,13,Beerschot V.A.,OHL,18,21',Beerschot V.A.,13,1,1,True
2020,11,2020/10/31,16:15:00,3415326,13,Beerschot V.A.,OHL,18,25',Beerschot V.A.,13,2,1,True
2020,11,2020/10/31,16:15:00,3415326,13,Beerschot V.A.,OHL,18,62',Beerschot V.A.,13,3,1,True
2020,11,2020/10/31,16:15:00,3415326,13,Beerschot V.A.,OHL,18,65',Beerschot V.A.,13,4,1,True
2020,11,2020/10/31,16:15:00,3415326,13,Beerschot V.A.,OHL,18,82',OHL,18,4,2,True
2020,11,2020/10/31,18:30:00,3415331,29,R Charleroi SC,Cercle,12,53',R Charleroi SC,29,1,0,True
2020,11,2020/10/31,18:30:00,3415331,29,R Charleroi SC,Cercle,12,58',R Charleroi SC,29,2,0,True
2020,11,2020/10/31,18:30:00,3415331,29,R Charleroi SC,Cercle,12,82',R Charleroi SC,29,3,0,True
2020,11,2020/10/31,20:45:00,3415327,3,Club Brugge,KVM,25,13',Club Brugge,3,1,0,True
2020,11,2020/10/31,20:45:00,3415327,3,Club Brugge,KVM,25,28',Club Brugge,3,2,0,True
2020,11,2020/10/31,20:45:00,3415327,3,Club Brugge,KVM,25,42',KVM,25,2,1,True
2020,11,2020/10/31,20:45:00,3415327,3,Club Brugge,KVM,25,81',KVM,25,2,2,True
2020,11,2020/11/01,13:30:00,3415330,35,RSC Anderlecht,RAFC,2449,76',RSC Anderlecht,35,1,0,True
2020,11,2020/11/01,18:15:00,3415332,16,Standard Luik,KVO,362,86',Standard Luik,16,1,0,True
2020,11,2020/11/01,20:45:00,3415334,480,Waasland-Beveren,Gent,7,27',Gent,7,0,1,True
2020,11,2020/11/01,20:45:00,3415334,480,Waasland-Beveren,Gent,7,27',Gent,7,0,1,False
2020,11,2020/11/01,20:45:00,3415334,480,Waasland-Beveren,Gent,7,29',Gent,7,0,2,True
2020,11,2020/11/01,20:45:00,3415334,480,Waasland-Beveren,Gent,7,37',Gent,7,0,3,True
2020,11,2020/11/01,20:45:00,3415334,480,Waasland-Beveren,Gent,7,44',Gent,7,0,4,True
2020,11,2020/11/01,20:45:00,3415334,480,Waasland-Beveren,Gent,7,51',Waasland-Beveren,480,1,4,True
2020,11,2020/11/02,20:45:00,3415333,2159,Zulte Waregem,KVK,100,77',Zulte Waregem,2159,1,0,True
2020,11,2020/11/02,20:45:00,3415333,2159,Zulte Waregem,KVK,100,90+6',Zulte Waregem,2159,1,0,False
2020,11,2020/11/02,20:45:00,3415333,2159,Zulte Waregem,KVK,100,90+7',KVK,100,1,1,True
2020,11,2020/12/01,17:00:00,3415329,216,Moeskroen,STVV,373,18',Moeskroen,216,1,0,True
2020,11,2020/12/01,17:00:00,3415329,216,Moeskroen,STVV,373,53',Moeskroen,216,2,0,True
2020,11,2020/12/01,17:00:00,3415329,216,Moeskroen,STVV,373,63',STVV,373,2,1,True
2020,11,2020/12/01,17:00:00,3415329,216,Moeskroen,STVV,373,81',Moeskroen,216,3,1,True
2020,11,2020/12/01,17:00:00,3415329,216,Moeskroen,STVV,373,90+1',STVV,373,3,2,True
2020,12,2020/11/06,20:45:00,3415339,25,KV Mechelen,RCSC,22,9',KV Mechelen,25,1,0,True
2020,12,2020/11/06,20:45:00,3415339,25,KV Mechelen,RCSC,22,20',RCSC,22,1,1,True
2020,12,2020/11/06,20:45:00,3415339,25,KV Mechelen,RCSC,22,32',KV Mechelen,25,2,1,True
2020,12,2020/11/06,20:45:00,3415339,25,KV Mechelen,RCSC,22,57',RCSC,22,2,2,True
2020,12,2020/11/06,20:45:00,3415339,25,KV Mechelen,RCSC,22,72',RCSC,22,2,3,True
2020,12,2020/11/06,20:45:00,3415339,25,KV Mechelen,RCSC,22,83',KV Mechelen,25,3,3,True
2020,12,2020/11/07,16:15:00,3415338,19,KV Kortrijk,KBVA,3530,1',KV Kortrijk,19,1,0,True
2020,12,2020/11/07,16:15:00,3415338,19,KV Kortrijk,KBVA,3530,8',KV Kortrijk,19,2,0,True
2020,12,2020/11/07,16:15:00,3415338,19,KV Kortrijk,KBVA,3530,39',KBVA,3530,2,1,True
2020,12,2020/11/07,16:15:00,3415338,19,KV Kortrijk,KBVA,3530,49',KBVA,3530,2,2,True
2020,12,2020/11/07,16:15:00,3415338,19,KV Kortrijk,KBVA,3530,50',KBVA,3530,2,3,True
2020,12,2020/11/07,16:15:00,3415338,19,KV Kortrijk,KBVA,3530,57',KV Kortrijk,19,3,3,True
2020,12,2020/11/07,16:15:00,3415338,19,KV Kortrijk,KBVA,3530,68',KV Kortrijk,19,4,3,True
2020,12,2020/11/07,16:15:00,3415338,19,KV Kortrijk,KBVA,3530,74',KBVA,3530,4,4,True
2020,12,2020/11/07,16:15:00,3415338,19,KV Kortrijk,KBVA,3530,88',KBVA,3530,4,5,True
2020,12,2020/11/07,16:15:00,3415338,19,KV Kortrijk,KBVA,3530,90+4',KV Kortrijk,19,5,5,True
2020,12,2020/11/07,18:30:00,3415337,1792,KAS Eupen,W-B,3780,11',W-B,3780,0,1,True
2020,12,2020/11/07,18:30:00,3415337,1792,KAS Eupen,W-B,3780,84',KAS Eupen,1792,1,1,True
2020,12,2020/11/07,20:45:00,3415342,322,St-Truidense VV,Genk,290,4',Genk,290,0,1,True
2020,12,2020/11/07,20:45:00,3415342,322,St-Truidense VV,Genk,290,28',St-Truidense VV,322,1,1,True
2020,12,2020/11/07,20:45:00,3415342,322,St-Truidense VV,Genk,290,31',Genk,290,1,2,True
2020,12,2020/11/07,20:45:00,3415342,322,St-Truidense VV,Genk,290,90+2',St-Truidense VV,322,1,2,False
2020,12,2020/11/08,13:30:00,3415336,1,Antwerp FC,SL,231,10',Antwerp FC,1,1,0,True
2020,12,2020/11/08,13:30:00,3415336,1,Antwerp FC,SL,231,68',SL,231,1,1,True
2020,12,2020/11/08,16:00:00,3415340,31,KV Oostende,FCB,253,32',FCB,253,0,1,True
2020,12,2020/11/08,16:00:00,3415340,31,KV Oostende,FCB,253,38',KV Oostende,31,1,1,True
2020,12,2020/11/08,16:00:00,3415340,31,KV Oostende,FCB,253,76',KV Oostende,31,1,1,False
2020,12,2020/11/08,16:00:00,3415340,31,KV Oostende,FCB,253,81',FCB,253,1,2,True
2020,12,2020/11/08,16:00:00,3415340,31,KV Oostende,FCB,253,90',FCB,253,1,3,True
2020,12,2020/11/08,18:15:00,3415343,7,KAA Gent,RSCA,35,44',RSCA,35,0,1,True
2020,12,2020/11/08,18:15:00,3415343,7,KAA Gent,RSCA,35,89',KAA Gent,7,1,1,True
2020,12,2020/11/08,20:45:00,3415335,12,Cercle Brugge,Zulte,622,6',Zulte,622,0,1,True
2020,12,2020/11/08,20:45:00,3415335,12,Cercle Brugge,Zulte,622,31',Zulte,622,0,2,True
2020,12,2020/11/08,20:45:00,3415335,12,Cercle Brugge,Zulte,622,67',Cercle Brugge,12,1,2,True
2020,12,2020/11/08,20:45:00,3415335,12,Cercle Brugge,Zulte,622,78',Zulte,622,1,3,True
2020,12,2020/12/08,17:00:00,3415341,2495,OH Leuven,REM,190,56',OH Leuven,2495,1,0,True
2020,12,2020/12/08,17:00:00,3415341,2495,OH Leuven,REM,190,84',OH Leuven,2495,2,0,True
2020,13,2020/11/21,16:15:00,3415349,16,Standard Luik,Eupen,92,35',Standard Luik,16,1,0,True
2020,13,2020/11/21,16:15:00,3415349,16,Standard Luik,Eupen,92,36',Eupen,92,1,1,True
2020,13,2020/11/21,16:15:00,3415349,16,Standard Luik,Eupen,92,45',Standard Luik,16,1,1,False
2020,13,2020/11/21,16:15:00,3415349,16,Standard Luik,Eupen,92,57',Eupen,92,1,2,True
2020,13,2020/11/21,16:15:00,3415349,16,Standard Luik,Eupen,92,90+7',Standard Luik,16,2,2,True
2020,13,2020/11/21,18:30:00,3415347,31,KV Oostende,RAFC,2449,80',KV Oostende,31,1,0,True
2020,13,2020/11/21,18:30:00,3415347,31,KV Oostende,RAFC,2449,81',RAFC,2449,1,1,True
2020,13,2020/11/21,18:30:00,3415351,480,Waasland-Beveren,Cercle,12,43',Cercle,12,0,1,True
2020,13,2020/11/21,18:30:00,3415351,480,Waasland-Beveren,Cercle,12,82',Cercle,12,0,2,True
2020,13,2020/11/21,18:30:00,3415351,480,Waasland-Beveren,Cercle,12,84',Waasland-Beveren,480,0,2,False
2020,13,2020/11/21,20:45:00,3415345,3,Club Brugge,KVK,100,60',Club Brugge,3,1,0,True
2020,13,2020/11/22,13:30:00,3415344,13,Beerschot V.A.,RSCA,35,29',Beerschot V.A.,13,1,0,True
2020,13,2020/11/22,13:30:00,3415344,13,Beerschot V.A.,RSCA,35,50',Beerschot V.A.,13,2,0,True
2020,13,2020/11/22,13:30:00,3415344,13,Beerschot V.A.,RSCA,35,50',Beerschot V.A.,13,2,0,False
2020,13,2020/11/22,13:30:00,3415344,13,Beerschot V.A.,RSCA,35,87',RSCA,35,2,1,True
2020,13,2020/11/22,16:00:00,3415350,2159,Zulte Waregem,KVM,25,40',KVM,25,0,1,True
2020,13,2020/11/22,16:00:00,3415350,2159,Zulte Waregem,KVM,25,49',KVM,25,0,2,True
2020,13,2020/11/22,16:00:00,3415350,2159,Zulte Waregem,KVM,25,55',Zulte Waregem,2159,1,2,True
2020,13,2020/11/22,18:15:00,3415352,29,R Charleroi SC,Gent,7,45',Gent,7,0,1,True
2020,13,2020/11/22,20:45:00,3415346,290,KRC Genk,REM,190,34',REM,190,0,1,True
2020,13,2020/11/22,20:45:00,3415346,290,KRC Genk,REM,190,45+2',KRC Genk,290,1,1,True
2020,13,2020/11/22,20:45:00,3415346,290,KRC Genk,REM,190,55',KRC Genk,290,2,1,True
2020,13,2020/11/22,20:45:00,3415346,290,KRC Genk,REM,190,63',KRC Genk,290,3,1,True
2020,13,2020/11/22,20:45:00,3415346,290,KRC Genk,REM,190,81',KRC Genk,290,4,1,True
2020,13,2020/11/23,20:45:00,3415348,2495,OH Leuven,STVV,373,27',STVV,373,0,1,True
2020,13,2020/11/23,20:45:00,3415348,2495,OH Leuven,STVV,373,45+2',OH Leuven,2495,1,1,True
2020,13,2020/11/23,20:45:00,3415348,2495,OH Leuven,STVV,373,73',OH Leuven,2495,2,1,True
2020,13,2020/11/23,20:45:00,3415348,2495,OH Leuven,STVV,373,84',STVV,373,2,2,True
2020,14,2020/11/27,20:45:00,3415355,1792,KAS Eupen,RCSC,22,18',KAS Eupen,1792,1,0,True
2020,14,2020/11/27,20:45:00,3415355,1792,KAS Eupen,RCSC,22,48',KAS Eupen,1792,2,0,True
2020,14,2020/11/27,20:45:00,3415355,1792,KAS Eupen,RCSC,22,75',KAS Eupen,1792,3,0,True
2020,14,2020/11/27,20:45:00,3415355,1792,KAS Eupen,RCSC,22,85',RCSC,22,3,1,True
2020,14,2020/11/28,16:15:00,3415360,322,St-Truidense VV,W-B,3780,7',St-Truidense VV,322,1,0,True
2020,14,2020/11/28,16:15:00,3415360,322,St-Truidense VV,W-B,3780,90+2',W-B,3780,1,1,True
2020,14,2020/11/28,18:30:00,3490615,12,Cercle Brugge,Genk,290,9',Genk,290,0,1,True
2020,14,2020/11/28,18:30:00,3490615,12,Cercle Brugge,Genk,290,16',Genk,290,0,2,True
2020,14,2020/11/28,18:30:00,3490615,12,Cercle Brugge,Genk,290,30',Genk,290,0,3,True
2020,14,2020/11/28,18:30:00,3490615,12,Cercle Brugge,Genk,290,38',Genk,290,0,4,True
2020,14,2020/11/28,18:30:00,3490615,12,Cercle Brugge,Genk,290,51',Cercle Brugge,12,1,4,True
2020,14,2020/11/28,18:30:00,3490615,12,Cercle Brugge,Genk,290,74',Genk,290,1,5,True
2020,14,2020/11/29,13:30:00,3415357,25,KV Mechelen,KBVA,3530,13',KBVA,3530,0,1,True
2020,14,2020/11/29,13:30:00,3415357,25,KV Mechelen,KBVA,3530,21',KV Mechelen,25,1,1,True
2020,14,2020/11/29,13:30:00,3415357,25,KV Mechelen,KBVA,3530,44',KV Mechelen,25,2,1,True
2020,14,2020/11/29,13:30:00,3415357,25,KV Mechelen,KBVA,3530,58',KV Mechelen,25,2,1,False
2020,14,2020/11/29,13:30:00,3415357,25,KV Mechelen,KBVA,3530,69',KBVA,3530,2,2,True
2020,14,2020/11/29,13:30:00,3415357,25,KV Mechelen,KBVA,3530,80',KBVA,3530,2,3,True
2020,14,2020/11/29,16:00:00,3415354,7,KAA Gent,Zulte,622,27',Zulte,622,0,1,True
2020,14,2020/11/29,16:00:00,3415354,7,KAA Gent,Zulte,622,37',Zulte,622,0,2,True
2020,14,2020/11/29,16:00:00,3415354,7,KAA Gent,Zulte,622,82',Zulte,622,0,3,True
2020,14,2020/11/29,20:45:00,3415356,19,KV Kortrijk,KVO,362,4',KV Kortrijk,19,1,0,True
2020,14,2020/11/29,20:45:00,3415356,19,KV Kortrijk,KVO,362,32',KVO,362,1,1,True
2020,14,2020/11/29,20:45:00,3415356,19,KV Kortrijk,KVO,362,49',KV Kortrijk,19,2,1,True
2020,14,2020/11/29,20:45:00,3415356,19,KV Kortrijk,KVO,362,80',KV Kortrijk,19,3,1,True
2020,14,2020/11/30,20:45:00,3415353,1,Antwerp FC,OHL,18,5',Antwerp FC,1,1,0,True
2020,14,2020/11/30,20:45:00,3415353,1,Antwerp FC,OHL,18,8',Antwerp FC,1,2,0,True
2020,14,2020/11/30,20:45:00,3415353,1,Antwerp FC,OHL,18,12',OHL,18,2,1,True
2020,14,2020/11/30,20:45:00,3415353,1,Antwerp FC,OHL,18,17',OHL,18,2,2,True
2020,14,2020/11/30,20:45:00,3415353,1,Antwerp FC,OHL,18,57',Antwerp FC,1,3,2,True
2020,15,2020/12/04,20:45:00,3415368,2159,Zulte Waregem,RSCA,35,8',Zulte Waregem,2159,1,0,True
2020,15,2020/12/04,20:45:00,3415368,2159,Zulte Waregem,RSCA,35,42',RSCA,35,1,1,True
2020,15,2020/12/04,20:45:00,3415368,2159,Zulte Waregem,RSCA,35,65',RSCA,35,1,2,True
2020,15,2020/12/04,20:45:00,3415368,2159,Zulte Waregem,RSCA,35,75',Zulte Waregem,2159,2,2,True
2020,15,2020/12/05,16:15:00,3415369,480,Waasland-Beveren,REM,190,57',Waasland-Beveren,480,1,0,True
2020,15,2020/12/05,16:15:00,3415369,480,Waasland-Beveren,REM,190,90+2',Waasland-Beveren,480,2,0,True
2020,15,2020/12/05,18:30:00,3415365,2495,OH Leuven,Cercle,12,10',OH Leuven,2495,1,0,True
2020,15,2020/12/05,18:30:00,3415365,2495,OH Leuven,Cercle,12,54',OH Leuven,2495,2,0,True
2020,15,2020/12/05,18:30:00,3415365,2495,OH Leuven,Cercle,12,78',OH Leuven,2495,2,0,False
2020,15,2020/12/05,18:30:00,3415365,2495,OH Leuven,Cercle,12,90+1',Cercle,12,2,1,True
2020,15,2020/12/05,20:45:00,3415362,3,Club Brugge,STVV,373,57',Club Brugge,3,1,0,True
2020,15,2020/12/06,13:30:00,3415363,290,KRC Genk,RAFC,2449,3',RAFC,2449,0,1,True
2020,15,2020/12/06,13:30:00,3415363,290,KRC Genk,RAFC,2449,19',KRC Genk,290,1,1,True
2020,15,2020/12/06,13:30:00,3415363,290,KRC Genk,RAFC,2449,23',KRC Genk,290,2,1,True
2020,15,2020/12/06,13:30:00,3415363,290,KRC Genk,RAFC,2449,59',KRC Genk,290,3,1,True
2020,15,2020/12/06,13:30:00,3415363,290,KRC Genk,RAFC,2449,83',RAFC,2449,3,2,True
2020,15,2020/12/06,13:30:00,3415363,290,KRC Genk,RAFC,2449,88',KRC Genk,290,4,2,True
2020,15,2020/12/06,16:00:00,3415370,13,Beerschot V.A.,Eupen,92,35',Eupen,92,0,1,True
2020,15,2020/12/06,18:15:00,3415367,16,Standard Luik,KVM,25,45',Standard Luik,16,1,0,True
2020,15,2020/12/06,18:15:00,3415367,16,Standard Luik,KVM,25,63',KVM,25,1,1,True
2020,15,2020/12/06,18:15:00,3415367,16,Standard Luik,KVM,25,78',Standard Luik,16,2,1,True
2020,15,2020/12/06,18:15:00,3415367,16,Standard Luik,KVM,25,88',KVM,25,2,2,True
2020,15,2020/12/06,20:45:00,3415364,31,KV Oostende,Gent,7,5',Gent,7,0,1,True
2020,15,2020/12/06,20:45:00,3415364,31,KV Oostende,Gent,7,61',KV Oostende,31,1,1,True
2020,15,2020/12/06,20:45:00,3415364,31,KV Oostende,Gent,7,73',KV Oostende,31,2,1,True
2020,15,2020/12/07,20:45:00,3415366,29,R Charleroi SC,KVK,100,33',KVK,100,2,1,False
2020,16,2020/12/11,20:45:00,3415378,35,RSC Anderlecht,Genk,290,59',RSC Anderlecht,35,1,0,True
2020,16,2020/12/12,16:15:00,3415377,216,Moeskroen,KBVA,3530,12',Moeskroen,216,1,0,True
2020,16,2020/12/12,16:15:00,3415377,216,Moeskroen,KBVA,3530,57',Moeskroen,216,2,0,True
2020,16,2020/12/12,16:15:00,3415377,216,Moeskroen,KBVA,3530,76',Moeskroen,216,3,0,True
2020,16,2020/12/12,16:15:00,3415377,216,Moeskroen,KBVA,3530,82',KBVA,3530,3,1,True
2020,16,2020/12/12,18:30:00,3415371,12,Cercle Brugge,KVO,362,29',KVO,362,0,1,True
2020,16,2020/12/12,18:30:00,3415371,12,Cercle Brugge,KVO,362,87',Cercle Brugge,12,0,1,False
2020,16,2020/12/12,18:30:00,3415375,19,KV Kortrijk,OHL,18,47',OHL,18,0,1,True
2020,16,2020/12/12,18:30:00,3415375,19,KV Kortrijk,OHL,18,64',OHL,18,0,2,True
2020,16,2020/12/12,18:30:00,3415375,19,KV Kortrijk,OHL,18,89',OHL,18,0,3,True
2020,16,2020/12/12,20:45:00,3415379,322,St-Truidense VV,RCSC,22,25',RCSC,22,0,1,True
2020,16,2020/12/12,20:45:00,3415379,322,St-Truidense VV,RCSC,22,43',St-Truidense VV,322,1,1,True
2020,16,2020/12/12,20:45:00,3415379,322,St-Truidense VV,RCSC,22,51',RCSC,22,1,2,True
2020,16,2020/12/12,20:45:00,3415379,322,St-Truidense VV,RCSC,22,69',St-Truidense VV,322,1,2,False
2020,16,2020/12/13,13:30:00,3415372,1,Antwerp FC,FCB,253,2',FCB,253,0,1,True
2020,16,2020/12/13,13:30:00,3415372,1,Antwerp FC,FCB,253,16',Antwerp FC,1,0,1,False
2020,16,2020/12/13,13:30:00,3415372,1,Antwerp FC,FCB,253,49',FCB,253,0,2,True
2020,16,2020/12/13,18:15:00,3415373,7,KAA Gent,SL,231,2',SL,231,0,1,True
2020,16,2020/12/13,18:15:00,3415373,7,KAA Gent,SL,231,27',KAA Gent,7,1,1,True
2020,16,2020/12/13,18:15:00,3415373,7,KAA Gent,SL,231,85',KAA Gent,7,2,1,True
2020,16,2020/12/13,20:45:00,3415376,25,KV Mechelen,W-B,3780,27',KV Mechelen,25,1,0,True
2020,16,2020/12/13,20:45:00,3415376,25,KV Mechelen,W-B,3780,36',KV Mechelen,25,1,0,False
2020,16,2020/12/13,20:45:00,3415376,25,KV Mechelen,W-B,3780,47',W-B,3780,1,1,True
2020,16,2020/12/13,20:45:00,3415376,25,KV Mechelen,W-B,3780,49',W-B,3780,1,2,True
2020,16,2020/12/13,20:45:00,3415376,25,KV Mechelen,W-B,3780,60',KV Mechelen,25,2,2,True
2020,16,2020/12/13,20:45:00,3415376,25,KV Mechelen,W-B,3780,67',W-B,3780,2,3,True
2020,16,2020/12/29,20:45:00,3415374,1792,KAS Eupen,Zulte,622,34',KAS Eupen,1792,1,0,True
2020,16,2020/12/29,20:45:00,3415374,1792,KAS Eupen,Zulte,622,57',KAS Eupen,1792,2,0,True
2020,16,2020/12/29,20:45:00,3415374,1792,KAS Eupen,Zulte,622,75',Zulte,622,2,1,True
2020,16,2020/12/29,20:45:00,3415374,1792,KAS Eupen,Zulte,622,82',Zulte,622,2,2,True
2020,16,2020/12/29,20:45:00,3415374,1792,KAS Eupen,Zulte,622,84',Zulte,622,2,3,True
2020,17,2020/12/18,20:45:00,3415385,29,R Charleroi SC,RSCA,35,90+3',R Charleroi SC,29,1,0,True
2020,17,2020/12/19,18:30:00,3415387,2159,Zulte Waregem,STVV,373,56',STVV,373,0,1,True
2020,17,2020/12/19,18:30:00,3415387,2159,Zulte Waregem,STVV,373,61',Zulte Waregem,2159,0,1,False
2020,17,2020/12/19,18:30:00,3415387,2159,Zulte Waregem,STVV,373,90+2',STVV,373,0,2,True
2020,17,2020/12/19,20:45:00,3415382,290,KRC Genk,KVK,100,1',KRC Genk,290,1,0,True
2020,17,2020/12/19,20:45:00,3415382,290,KRC Genk,KVK,100,78',KRC Genk,290,2,0,True
2020,17,2020/12/20,13:30:00,3415381,3,Club Brugge,Gent,7,68',Gent,7,0,1,True
2020,17,2020/12/20,16:00:00,3415384,2495,OH Leuven,KVM,25,27',KVM,25,0,1,True
2020,17,2020/12/20,16:00:00,3415384,2495,OH Leuven,KVM,25,31',KVM,25,0,2,True
2020,17,2020/12/20,16:00:00,3415384,2495,OH Leuven,KVM,25,61',OH Leuven,2495,1,2,True
2020,17,2020/12/20,18:15:00,3415386,16,Standard Luik,REM,190,30',REM,190,0,1,True
2020,17,2020/12/20,20:45:00,3415388,480,Waasland-Beveren,RAFC,2449,25',RAFC,2449,0,1,True
2020,17,2020/12/20,20:45:00,3415388,480,Waasland-Beveren,RAFC,2449,29',RAFC,2449,0,2,True
2020,17,2020/12/20,20:45:00,3415388,480,Waasland-Beveren,RAFC,2449,44',RAFC,2449,0,3,True
2020,17,2021/01/12,20:45:00,3415383,31,KV Oostende,Eupen,92,16',Eupen,92,0,3,False
2020,17,2021/01/12,20:45:00,3415383,31,KV Oostende,Eupen,92,49',Eupen,92,0,1,True
2020,17,2021/01/12,20:45:00,3415383,31,KV Oostende,Eupen,92,79',KV Oostende,31,1,1,True
2020,17,2021/01/13,18:30:00,3415380,13,Beerschot V.A.,Cercle,12,22',Beerschot V.A.,13,1,0,True
2020,17,2021/01/13,18:30:00,3415380,13,Beerschot V.A.,Cercle,12,89',Cercle,12,1,1,True
2020,18,2020/12/15,18:45:00,3415394,216,Moeskroen,OHL,18,42',OHL,18,0,1,True
2020,18,2020/12/15,18:45:00,3415394,216,Moeskroen,OHL,18,55',OHL,18,0,2,True
2020,18,2020/12/15,18:45:00,3415394,216,Moeskroen,OHL,18,71',Moeskroen,216,1,2,True
2020,18,2020/12/15,18:45:00,3415394,216,Moeskroen,OHL,18,77',Moeskroen,216,2,2,True
2020,18,2020/12/15,18:45:00,3415389,12,Cercle Brugge,RCSC,22,17',Cercle Brugge,12,1,0,True
2020,18,2020/12/15,18:45:00,3415389,12,Cercle Brugge,RCSC,22,25',Cercle Brugge,12,2,0,True
2020,18,2020/12/15,18:45:00,3415389,12,Cercle Brugge,RCSC,22,43',Cercle Brugge,12,2,0,False
2020,18,2020/12/15,18:45:00,3415389,12,Cercle Brugge,RCSC,22,60',RCSC,22,2,0,False
2020,18,2020/12/15,18:45:00,3415389,12,Cercle Brugge,RCSC,22,63',RCSC,22,2,1,True
2020,18,2020/12/15,18:45:00,3415389,12,Cercle Brugge,RCSC,22,64',RCSC,22,2,2,True
2020,18,2020/12/15,18:45:00,3415389,12,Cercle Brugge,RCSC,22,70',RCSC,22,2,3,True
2020,18,2020/12/15,18:45:00,3415389,12,Cercle Brugge,RCSC,22,85',Cercle Brugge,12,3,3,True
2020,18,2020/12/15,18:45:00,3415389,12,Cercle Brugge,RCSC,22,87',RCSC,22,3,4,True
2020,18,2020/12/15,21:00:00,3415395,35,RSC Anderlecht,KVO,362,18',RSC Anderlecht,35,1,0,True
2020,18,2020/12/15,21:00:00,3415395,35,RSC Anderlecht,KVO,362,58',RSC Anderlecht,35,2,0,True
2020,18,2020/12/15,21:00:00,3415395,35,RSC Anderlecht,KVO,362,69',RSC Anderlecht,35,2,0,False
2020,18,2020/12/15,21:00:00,3415395,35,RSC Anderlecht,KVO,362,83',KVO,362,2,1,True
2020,18,2020/12/16,18:45:00,3415390,1,Antwerp FC,Zulte,622,36',Zulte,622,0,1,True
2020,18,2020/12/16,21:00:00,3415391,7,KAA Gent,W-B,3780,25',KAA Gent,7,1,0,True
2020,18,2020/12/16,21:00:00,3415391,7,KAA Gent,W-B,3780,53',KAA Gent,7,2,0,True
2020,18,2020/12/16,21:00:00,3415391,7,KAA Gent,W-B,3780,90+1',KAA Gent,7,3,0,True
2020,18,2020/12/16,21:00:00,3415393,19,KV Kortrijk,SL,231,2',KV Kortrijk,19,1,0,True
2020,18,2020/12/16,21:00:00,3415393,19,KV Kortrijk,SL,231,39',KV Kortrijk,19,2,0,True
2020,18,2020/12/16,21:00:00,3415393,19,KV Kortrijk,SL,231,76',SL,231,2,1,True
2020,18,2020/12/17,20:45:00,3415397,25,KV Mechelen,FCB,253,69',FCB,253,0,1,True
2020,18,2020/12/17,20:45:00,3415397,25,KV Mechelen,FCB,253,74',FCB,253,0,2,True
2020,18,2020/12/17,20:45:00,3415397,25,KV Mechelen,FCB,253,89',FCB,253,0,3,True
2020,18,2020/12/30,20:45:00,3415396,322,St-Truidense VV,KBVA,3530,41',St-Truidense VV,322,1,0,True
2020,18,2021/01/06,20:45:00,3415392,1792,KAS Eupen,Genk,290,9',Genk,290,0,1,True
2020,18,2021/01/06,20:45:00,3415392,1792,KAS Eupen,Genk,290,14',KAS Eupen,1792,1,1,True
2020,18,2021/01/06,20:45:00,3415392,1792,KAS Eupen,Genk,290,42',Genk,290,1,2,True
2020,18,2021/01/06,20:45:00,3415392,1792,KAS Eupen,Genk,290,48',Genk,290,1,3,True
2020,18,2021/01/06,20:45:00,3415392,1792,KAS Eupen,Genk,290,60',Genk,290,1,4,True
2020,19,2020/12/26,14:00:00,3415400,3,Club Brugge,Eupen,92,52',Club Brugge,3,1,0,True
2020,19,2020/12/26,14:00:00,3415400,3,Club Brugge,Eupen,92,58',Club Brugge,3,2,0,True
2020,19,2020/12/26,14:00:00,3415400,3,Club Brugge,Eupen,92,79',Club Brugge,3,2,0,False
2020,19,2020/12/26,14:00:00,3415400,3,Club Brugge,Eupen,92,82',Club Brugge,3,3,0,True
2020,19,2020/12/26,16:15:00,3415405,2159,Zulte Waregem,Cercle,12,83',Zulte Waregem,2159,1,0,True
2020,19,2020/12/26,16:15:00,3415405,2159,Zulte Waregem,Cercle,12,90',Cercle,12,1,0,False
2020,19,2020/12/26,18:30:00,3415402,2495,OH Leuven,KVO,362,35',OH Leuven,2495,1,0,True
2020,19,2020/12/26,18:30:00,3415402,2495,OH Leuven,KVO,362,59',KVO,362,1,1,True
2020,19,2020/12/26,18:30:00,3415402,2495,OH Leuven,KVO,362,72',KVO,362,1,2,True
2020,19,2020/12/26,18:30:00,3415406,19,KV Kortrijk,Gent,7,22',Gent,7,1,2,False
2020,19,2020/12/26,18:30:00,3415406,19,KV Kortrijk,Gent,7,49',KV Kortrijk,19,1,0,True
2020,19,2020/12/26,20:45:00,3415404,16,Standard Luik,STVV,373,5',STVV,373,0,1,True
2020,19,2020/12/26,20:45:00,3415404,16,Standard Luik,STVV,373,16',STVV,373,0,2,True
2020,19,2020/12/26,20:45:00,3415404,16,Standard Luik,STVV,373,53',STVV,373,0,2,False
2020,19,2020/12/26,20:45:00,3415404,16,Standard Luik,STVV,373,71',Standard Luik,16,1,2,True
2020,19,2020/12/27,13:30:00,3415399,1,Antwerp FC,RCSC,22,51',RCSC,22,0,1,True
2020,19,2020/12/27,13:30:00,3415399,1,Antwerp FC,RCSC,22,73',Antwerp FC,1,1,1,True
2020,19,2020/12/27,13:30:00,3415399,1,Antwerp FC,RCSC,22,78',Antwerp FC,1,2,1,True
2020,19,2020/12/27,16:00:00,3415401,290,KRC Genk,W-B,3780,24',KRC Genk,290,1,0,True
2020,19,2020/12/27,16:00:00,3415401,290,KRC Genk,W-B,3780,45+2',W-B,3780,1,1,True
2020,19,2020/12/27,18:15:00,3415403,35,RSC Anderlecht,KBVA,3530,32',RSC Anderlecht,35,1,0,True
2020,19,2020/12/27,18:15:00,3415403,35,RSC Anderlecht,KBVA,3530,71',RSC Anderlecht,35,2,0,True
2020,19,2020/12/27,20:45:00,3415398,25,KV Mechelen,REM,190,38',KV Mechelen,25,1,0,True
2020,19,2020/12/27,20:45:00,3415398,25,KV Mechelen,REM,190,69',REM,190,1,1,True
2020,19,2020/12/27,20:45:00,3415398,25,KV Mechelen,REM,190,83',KV Mechelen,25,2,1,True
2020,20,2021/01/15,20:45:00,3415410,1792,KAS Eupen,RSCA,35,39',RSCA,35,,,False
2020,20,2021/01/15,20:45:00,3415410,1792,KAS Eupen,RSCA,35,75',KAS Eupen,1792,1,0,True
2020,20,2021/01/15,20:45:00,3415410,1792,KAS Eupen,RSCA,35,85',KAS Eupen,1792,2,0,True
2020,20,2021/01/16,16:15:00,3415411,31,KV Oostende,KVK,100,18',KV Oostende,31,1,0,True
2020,20,2021/01/16,16:15:00,3415411,31,KV Oostende,KVK,100,70',KV Oostende,31,2,0,True
2020,20,2021/01/16,16:15:00,3415411,31,KV Oostende,KVK,100,90+1',KVK,100,2,1,True
2020,20,2021/01/16,18:30:00,3415412,216,Moeskroen,Genk,290,29',Moeskroen,216,1,0,True
2020,20,2021/01/16,18:30:00,3415412,216,Moeskroen,Genk,290,36',Genk,290,1,0,False
2020,20,2021/01/16,18:30:00,3415412,216,Moeskroen,Genk,290,71',Moeskroen,216,2,0,True
2020,20,2021/01/16,18:30:00,3415415,480,Waasland-Beveren,Zulte,622,26',Zulte,622,0,1,True
2020,20,2021/01/16,18:30:00,3415415,480,Waasland-Beveren,Zulte,622,36',Zulte,622,0,2,True
2020,20,2021/01/16,18:30:00,3415415,480,Waasland-Beveren,Zulte,622,49',Waasland-Beveren,480,1,2,True
2020,20,2021/01/16,18:30:00,3415415,480,Waasland-Beveren,Zulte,622,70',Zulte,622,1,3,True
2020,20,2021/01/16,18:30:00,3415415,480,Waasland-Beveren,Zulte,622,78',Zulte,622,1,3,False
2020,20,2021/01/16,18:30:00,3415415,480,Waasland-Beveren,Zulte,622,79',Zulte,622,1,4,True
2020,20,2021/01/16,18:30:00,3415415,480,Waasland-Beveren,Zulte,622,90+2',Zulte,622,1,5,True
2020,20,2021/01/16,20:45:00,3415413,29,R Charleroi SC,KVM,25,59',KVM,25,0,1,True
2020,20,2021/01/17,13:30:00,3415409,7,KAA Gent,RAFC,2449,52',KAA Gent,7,0,1,False
2020,20,2021/01/17,13:30:00,3415409,7,KAA Gent,RAFC,2449,75',RAFC,2449,0,1,True
2020,20,2021/01/17,16:00:00,3415408,12,Cercle Brugge,SL,231,11',SL,231,0,1,True
2020,20,2021/01/17,18:15:00,3415407,13,Beerschot V.A.,FCB,253,15',FCB,253,0,1,True
2020,20,2021/01/17,18:15:00,3415407,13,Beerschot V.A.,FCB,253,19',FCB,253,0,2,True
2020,20,2021/01/17,18:15:00,3415407,13,Beerschot V.A.,FCB,253,82',FCB,253,0,3,True
2020,20,2021/01/17,20:45:00,3415414,322,St-Truidense VV,OHL,18,10',St-Truidense VV,322,1,0,True
2020,20,2021/01/17,20:45:00,3415414,322,St-Truidense VV,OHL,18,25',OHL,18,1,1,True
2020,20,2021/01/17,20:45:00,3415414,322,St-Truidense VV,OHL,18,37',OHL,18,1,1,False
2020,20,2021/01/17,20:45:00,3415414,322,St-Truidense VV,OHL,18,39',St-Truidense VV,322,2,1,True
2020,20,2021/01/17,20:45:00,3415414,322,St-Truidense VV,OHL,18,53',St-Truidense VV,322,3,1,True
2020,21,2021/01/23,16:15:00,3415419,25,KV Mechelen,Eupen,92,26',KV Mechelen,25,1,0,True
2020,21,2021/01/23,16:15:00,3415419,25,KV Mechelen,Eupen,92,47',KV Mechelen,25,2,0,True
2020,21,2021/01/23,16:15:00,3415419,25,KV Mechelen,Eupen,92,74',KV Mechelen,25,3,0,True
2020,21,2021/01/23,18:30:00,3415418,19,KV Kortrijk,Cercle,12,23',Cercle,12,0,1,True
2020,21,2021/01/23,18:30:00,3415418,19,KV Kortrijk,Cercle,12,28',Cercle,12,0,2,True
2020,21,2021/01/23,18:30:00,3415418,19,KV Kortrijk,Cercle,12,45',KV Kortrijk,19,1,2,True
2020,21,2021/01/23,18:30:00,3415424,322,St-Truidense VV,REM,190,33',REM,190,0,1,True
2020,21,2021/01/23,18:30:00,3415424,322,St-Truidense VV,REM,190,89',REM,190,0,2,True
2020,21,2021/01/23,20:45:00,3415416,1,Antwerp FC,KVO,362,15',Antwerp FC,1,1,0,True
2020,21,2021/01/23,20:45:00,3415416,1,Antwerp FC,KVO,362,35',KVO,362,1,1,True
2020,21,2021/01/23,20:45:00,3415416,1,Antwerp FC,KVO,362,85',KVO,362,1,2,True
2020,21,2021/01/24,13:30:00,3415417,3,Club Brugge,Genk,290,7',Club Brugge,3,1,0,True
2020,21,2021/01/24,13:30:00,3415417,3,Club Brugge,Genk,290,24',Genk,290,1,1,True
2020,21,2021/01/24,13:30:00,3415417,3,Club Brugge,Genk,290,34',Genk,290,1,2,True
2020,21,2021/01/24,13:30:00,3415417,3,Club Brugge,Genk,290,65',Club Brugge,3,2,2,True
2020,21,2021/01/24,13:30:00,3415417,3,Club Brugge,Genk,290,77',Club Brugge,3,3,2,True
2020,21,2021/01/24,16:00:00,3415423,2159,Zulte Waregem,KBVA,3530,54',KBVA,3530,0,1,True
2020,21,2021/01/24,16:00:00,3415423,2159,Zulte Waregem,KBVA,3530,75',KBVA,3530,0,2,True
2020,21,2021/01/24,16:00:00,3415423,2159,Zulte Waregem,KBVA,3530,90+1',KBVA,3530,0,3,True
2020,21,2021/01/24,18:15:00,3415422,16,Standard Luik,RCSC,22,13',Standard Luik,16,1,0,True
2020,21,2021/01/24,18:15:00,3415422,16,Standard Luik,RCSC,22,30',RCSC,22,1,1,True
2020,21,2021/01/24,18:15:00,3415422,16,Standard Luik,RCSC,22,38',Standard Luik,16,2,1,True
2020,21,2021/01/24,18:15:00,3415422,16,Standard Luik,RCSC,22,65',RCSC,22,2,2,True
2020,21,2021/01/24,18:15:00,3415422,16,Standard Luik,RCSC,22,80',Standard Luik,16,3,2,True
2020,21,2021/01/24,18:15:00,3415422,16,Standard Luik,RCSC,22,90+5',RCSC,22,3,2,False
2020,21,2021/01/24,20:45:00,3415420,2495,OH Leuven,Gent,7,6',Gent,7,0,1,True
2020,21,2021/01/24,20:45:00,3415420,2495,OH Leuven,Gent,7,50',Gent,7,0,2,True
2020,21,2021/01/24,20:45:00,3415420,2495,OH Leuven,Gent,7,54',Gent,7,0,3,True
2020,21,2021/01/24,20:45:00,3415420,2495,OH Leuven,Gent,7,79',OH Leuven,2495,0,3,False
2020,22,2021/01/26,18:45:00,3415428,1792,KAS Eupen,RAFC,2449,18',RAFC,2449,0,1,True
2020,22,2021/01/26,18:45:00,3415428,1792,KAS Eupen,RAFC,2449,28',RAFC,2449,0,2,True
2020,22,2021/01/26,18:45:00,3415428,1792,KAS Eupen,RAFC,2449,62',RAFC,2449,0,2,False
2020,22,2021/01/26,18:45:00,3415433,480,Waasland-Beveren,KVM,25,9',KVM,25,0,1,True
2020,22,2021/01/26,18:45:00,3415433,480,Waasland-Beveren,KVM,25,26',KVM,25,0,2,True
2020,22,2021/01/26,18:45:00,3415433,480,Waasland-Beveren,KVM,25,60',Waasland-Beveren,480,1,2,True
2020,22,2021/01/26,18:45:00,3415433,480,Waasland-Beveren,KVM,25,70',Waasland-Beveren,480,2,2,True
2020,22,2021/01/26,18:45:00,3415433,480,Waasland-Beveren,KVM,25,90+2',KVM,25,2,3,True
2020,22,2021/01/26,21:00:00,3415431,216,Moeskroen,RSCA,35,18',Moeskroen,216,1,0,True
2020,22,2021/01/26,21:00:00,3415431,216,Moeskroen,RSCA,35,90+4',RSCA,35,1,1,True
2020,22,2021/01/27,18:45:00,3415429,290,KRC Genk,Zulte,622,45+1',KRC Genk,290,1,0,True
2020,22,2021/01/27,18:45:00,3415429,290,KRC Genk,Zulte,622,52',KRC Genk,290,2,0,True
2020,22,2021/01/27,18:45:00,3415429,290,KRC Genk,Zulte,622,67',KRC Genk,290,3,0,True
2020,22,2021/01/27,18:45:00,3415429,290,KRC Genk,Zulte,622,72',Zulte,622,3,1,True
2020,22,2021/01/27,18:45:00,3415429,290,KRC Genk,Zulte,622,88',Zulte,622,3,2,True
2020,22,2021/01/27,21:00:00,3415427,7,KAA Gent,STVV,373,23',STVV,373,0,1,True
2020,22,2021/01/27,21:00:00,3415427,7,KAA Gent,STVV,373,90+5',KAA Gent,7,1,1,True
2020,22,2021/01/27,21:00:00,3415432,29,R Charleroi SC,OHL,18,12',OHL,18,0,1,True
2020,22,2021/01/27,21:00:00,3415432,29,R Charleroi SC,OHL,18,61',R Charleroi SC,29,1,1,True
2020,22,2021/01/28,18:45:00,3415426,12,Cercle Brugge,FCB,253,28',Cercle Brugge,12,1,0,True
2020,22,2021/01/28,18:45:00,3415426,12,Cercle Brugge,FCB,253,37',FCB,253,1,1,True
2020,22,2021/01/28,18:45:00,3415426,12,Cercle Brugge,FCB,253,58',FCB,253,1,2,True
2020,22,2021/01/28,21:00:00,3415430,31,KV Oostende,SL,231,8',KV Oostende,31,1,0,True
2020,22,2021/01/28,21:00:00,3415430,31,KV Oostende,SL,231,47',SL,231,1,1,True
2020,22,2021/01/28,21:00:00,3415430,31,KV Oostende,SL,231,64',KV Oostende,31,2,1,True
2020,22,2021/01/28,21:00:00,3415430,31,KV Oostende,SL,231,90+4',SL,231,2,2,True
2020,23,2021/01/29,20:45:00,3415434,1,Antwerp FC,W-B,3780,18',Antwerp FC,1,1,0,True
2020,23,2021/01/29,20:45:00,3415434,1,Antwerp FC,W-B,3780,44',W-B,3780,1,1,True
2020,23,2021/01/29,20:45:00,3415434,1,Antwerp FC,W-B,3780,57',Antwerp FC,1,2,1,True
2020,23,2021/01/29,20:45:00,3415434,1,Antwerp FC,W-B,3780,71',W-B,3780,2,2,True
2020,23,2021/01/29,20:45:00,3415434,1,Antwerp FC,W-B,3780,87',Antwerp FC,1,3,2,True
2020,23,2021/01/30,18:30:00,3415436,1792,KAS Eupen,REM,190,32',KAS Eupen,1792,1,0,True
2020,23,2021/01/30,18:30:00,3415436,1792,KAS Eupen,REM,190,68',REM,190,1,1,True
2020,23,2021/01/30,18:30:00,3415439,2495,OH Leuven,KBVA,3530,74',KBVA,3530,0,1,True
2020,23,2021/01/30,20:45:00,3415437,19,KV Kortrijk,RCSC,22,22',RCSC,22,0,1,True
2020,23,2021/01/30,20:45:00,3415437,19,KV Kortrijk,RCSC,22,55',RCSC,22,0,2,True
2020,23,2021/01/30,20:45:00,3415437,19,KV Kortrijk,RCSC,22,60',KV Kortrijk,19,0,2,False
2020,23,2021/01/30,20:45:00,3415437,19,KV Kortrijk,RCSC,22,62',RCSC,22,0,3,True
2020,23,2021/01/30,20:45:00,3415437,19,KV Kortrijk,RCSC,22,81',KV Kortrijk,19,1,3,True
2020,23,2021/01/31,13:30:00,3415435,3,Club Brugge,SL,231,3',SL,231,0,1,True
2020,23,2021/01/31,13:30:00,3415435,3,Club Brugge,SL,231,19',Club Brugge,3,1,1,True
2020,23,2021/01/31,13:30:00,3415435,3,Club Brugge,SL,231,41',Club Brugge,3,2,1,True
2020,23,2021/01/31,13:30:00,3415435,3,Club Brugge,SL,231,49',Club Brugge,3,3,1,True
2020,23,2021/01/31,16:00:00,3415441,2159,Zulte Waregem,KVO,362,14',KVO,362,0,1,True
2020,23,2021/01/31,16:00:00,3415441,2159,Zulte Waregem,KVO,362,38',Zulte Waregem,2159,1,1,True
2020,23,2021/01/31,16:00:00,3415441,2159,Zulte Waregem,KVO,362,67',Zulte Waregem,2159,2,1,True
2020,23,2021/01/31,20:45:00,3415442,322,St-Truidense VV,Cercle,12,17',St-Truidense VV,322,1,0,True
2020,23,2021/01/31,20:45:00,3415442,322,St-Truidense VV,Cercle,12,64',St-Truidense VV,322,2,0,True
2020,23,2021/01/31,20:45:00,3415442,322,St-Truidense VV,Cercle,12,90+4',St-Truidense VV,322,3,0,True
2020,24,2021/02/05,20:45:00,3415448,216,Moeskroen,KVK,100,4',KVK,100,0,1,True
2020,24,2021/02/05,20:45:00,3415448,216,Moeskroen,KVK,100,42',KVK,100,0,2,True
2020,24,2021/02/05,20:45:00,3415448,216,Moeskroen,KVK,100,63',Moeskroen,216,0,2,False
2020,24,2021/02/05,20:45:00,3415448,216,Moeskroen,KVK,100,66',KVK,100,0,3,True
2020,24,2021/02/06,16:15:00,3415447,31,KV Oostende,STVV,373,38',KV Oostende,31,1,0,True
2020,24,2021/02/06,16:15:00,3415447,31,KV Oostende,STVV,373,60',KV Oostende,31,2,0,True
2020,24,2021/02/06,16:15:00,3415447,31,KV Oostende,STVV,373,74',KV Oostende,31,3,0,True
2020,24,2021/02/06,16:15:00,3415447,31,KV Oostende,STVV,373,90',STVV,373,3,1,True
2020,24,2021/02/06,18:30:00,3415445,12,Cercle Brugge,KVM,25,87',KVM,25,0,1,True
2020,24,2021/02/06,18:30:00,3415451,480,Waasland-Beveren,FCB,253,12',FCB,253,0,1,True
2020,24,2021/02/06,18:30:00,3415451,480,Waasland-Beveren,FCB,253,90+4',FCB,253,0,2,True
2020,24,2021/02/06,20:45:00,3415450,16,Standard Luik,OHL,18,60',OHL,18,0,1,True
2020,24,2021/02/06,20:45:00,3415450,16,Standard Luik,OHL,18,84',Standard Luik,16,1,1,True
2020,24,2021/02/06,20:45:00,3415450,16,Standard Luik,OHL,18,87',Standard Luik,16,1,1,False
2020,24,2021/02/07,13:30:00,3415444,13,Beerschot V.A.,RAFC,2449,84',RAFC,2449,0,1,True
2020,24,2021/02/07,13:30:00,3415444,13,Beerschot V.A.,RAFC,2449,87',RAFC,2449,0,2,True
2020,24,2021/02/07,13:30:00,3415444,13,Beerschot V.A.,RAFC,2449,89',Beerschot V.A.,13,1,2,True
2020,24,2021/02/07,16:00:00,3415449,29,R Charleroi SC,Zulte,622,1',R Charleroi SC,29,1,0,True
2020,24,2021/02/07,16:00:00,3415449,29,R Charleroi SC,Zulte,622,90+2',Zulte,622,1,1,True
2020,24,2021/02/07,18:15:00,3415446,290,KRC Genk,RSCA,35,2',KRC Genk,290,1,0,True
2020,24,2021/02/07,18:15:00,3415446,290,KRC Genk,RSCA,35,19',RSCA,35,1,1,True
2020,24,2021/02/07,18:15:00,3415446,290,KRC Genk,RSCA,35,22',RSCA,35,1,2,True
2020,24,2021/02/07,20:45:00,3415443,7,KAA Gent,Eupen,92,7',Eupen,92,0,1,True
2020,24,2021/02/07,20:45:00,3415443,7,KAA Gent,Eupen,92,27',KAA Gent,7,1,1,True
2020,24,2021/02/07,20:45:00,3415443,7,KAA Gent,Eupen,92,30',KAA Gent,7,2,1,True
2020,24,2021/02/07,20:45:00,3415443,7,KAA Gent,Eupen,92,64',Eupen,92,2,2,True
2020,25,2021/01/19,18:45:00,3415458,216,Moeskroen,W-B,3780,89',Moeskroen,216,1,0,True
2020,25,2021/01/19,18:45:00,3415458,216,Moeskroen,W-B,3780,90+3',W-B,3780,1,1,True
2020,25,2021/01/19,21:00:00,3415459,35,RSC Anderlecht,RCSC,22,23',RSC Anderlecht,35,1,0,True
2020,25,2021/01/19,21:00:00,3415459,35,RSC Anderlecht,RCSC,22,45+1',RSC Anderlecht,35,2,0,True
2020,25,2021/01/19,21:00:00,3415459,35,RSC Anderlecht,RCSC,22,81',RSC Anderlecht,35,3,0,True
2020,25,2021/01/20,16:30:00,3415456,19,KV Kortrijk,STVV,373,15',STVV,373,0,1,True
2020,25,2021/01/20,16:30:00,3415456,19,KV Kortrijk,STVV,373,45+1',STVV,373,0,2,True
2020,25,2021/01/20,18:45:00,3415454,1792,KAS Eupen,KBVA,3530,2',KBVA,3530,0,1,True
2020,25,2021/01/20,18:45:00,3415454,1792,KAS Eupen,KBVA,3530,10',KAS Eupen,1792,1,1,True
2020,25,2021/01/20,18:45:00,3415454,1792,KAS Eupen,KBVA,3530,40',KAS Eupen,1792,2,1,True
2020,25,2021/01/20,18:45:00,3415454,1792,KAS Eupen,KBVA,3530,54',KAS Eupen,1792,3,1,True
2020,25,2021/01/20,18:45:00,3415454,1792,KAS Eupen,KBVA,3530,71',KBVA,3530,3,1,False
2020,25,2021/01/20,18:45:00,3415457,25,KV Mechelen,SL,231,22',SL,231,0,1,True
2020,25,2021/01/20,18:45:00,3415457,25,KV Mechelen,SL,231,49',SL,231,0,2,True
2020,25,2021/01/20,18:45:00,3415457,25,KV Mechelen,SL,231,54',SL,231,0,3,True
2020,25,2021/01/20,18:45:00,3415457,25,KV Mechelen,SL,231,57',SL,231,0,4,True
2020,25,2021/01/20,21:00:00,3415452,1,Antwerp FC,Cercle,12,84',Antwerp FC,1,1,0,True
2020,25,2021/01/20,21:00:00,3415453,3,Club Brugge,KVO,362,14',KVO,362,0,1,True
2020,25,2021/01/20,21:00:00,3415453,3,Club Brugge,KVO,362,38',Club Brugge,3,1,1,True
2020,25,2021/01/20,21:00:00,3415453,3,Club Brugge,KVO,362,49',Club Brugge,3,2,1,True
2020,25,2021/01/20,21:00:00,3415453,3,Club Brugge,KVO,362,52',KVO,362,2,1,False
2020,25,2021/01/21,18:45:00,3415460,2159,Zulte Waregem,OHL,18,29',Zulte Waregem,2159,1,0,True
2020,25,2021/01/21,18:45:00,3415460,2159,Zulte Waregem,OHL,18,42',Zulte Waregem,2159,2,0,True
2020,25,2021/01/21,18:45:00,3415460,2159,Zulte Waregem,OHL,18,44',OHL,18,2,1,True
2020,25,2021/01/21,18:45:00,3415460,2159,Zulte Waregem,OHL,18,75',OHL,18,2,2,True
2020,25,2021/01/21,18:45:00,3415460,2159,Zulte Waregem,OHL,18,90+5',OHL,18,2,3,True
2020,25,2021/01/21,21:00:00,3415455,290,KRC Genk,Gent,7,7',KRC Genk,290,1,0,True
2020,25,2021/01/21,21:00:00,3415455,290,KRC Genk,Gent,7,12',KRC Genk,290,1,0,False
2020,25,2021/01/21,21:00:00,3415455,290,KRC Genk,Gent,7,45+3',Gent,7,1,1,True
2020,25,2021/01/21,21:00:00,3415455,290,KRC Genk,Gent,7,68',KRC Genk,290,1,1,False
2020,26,2021/02/12,20:45:00,3415465,2495,OH Leuven,KVK,100,10',OH Leuven,2495,1,0,True
2020,26,2021/02/12,20:45:00,3415465,2495,OH Leuven,KVK,100,20',OH Leuven,2495,2,0,True
2020,26,2021/02/12,20:45:00,3415465,2495,OH Leuven,KVK,100,36',OH Leuven,2495,2,0,False
2020,26,2021/02/12,20:45:00,3415465,2495,OH Leuven,KVK,100,40',OH Leuven,2495,3,0,True
2020,26,2021/02/12,20:45:00,3415465,2495,OH Leuven,KVK,100,52',KVK,100,3,1,True
2020,26,2021/02/13,18:30:00,3415468,322,St-Truidense VV,Zulte,622,52',Zulte,622,0,1,True
2020,26,2021/02/13,18:30:00,3415468,322,St-Truidense VV,Zulte,622,55',Zulte,622,0,2,True
2020,26,2021/02/13,18:30:00,3415468,322,St-Truidense VV,Zulte,622,72',St-Truidense VV,322,1,2,True
2020,26,2021/02/14,13:30:00,3415467,16,Standard Luik,RAFC,2449,8',Standard Luik,16,1,0,True
2020,26,2021/02/14,13:30:00,3415467,16,Standard Luik,RAFC,2449,28',RAFC,2449,1,1,True
2020,26,2021/02/14,16:00:00,3415462,13,Beerschot V.A.,KVM,25,52',Beerschot V.A.,13,1,0,True
2020,26,2021/02/14,16:00:00,3415462,13,Beerschot V.A.,KVM,25,90',KVM,25,1,1,True
2020,26,2021/02/14,16:00:00,3415462,13,Beerschot V.A.,KVM,25,90+4',KVM,25,1,2,True
2020,26,2021/02/15,20:45:00,3415464,7,KAA Gent,REM,190,28',KAA Gent,7,1,0,True
2020,26,2021/02/15,20:45:00,3415464,7,KAA Gent,REM,190,70',KAA Gent,7,2,0,True
2020,26,2021/02/15,20:45:00,3415464,7,KAA Gent,REM,190,85',KAA Gent,7,3,0,True
2020,26,2021/02/15,20:45:00,3415464,7,KAA Gent,REM,190,90+1',KAA Gent,7,4,0,True
2020,26,2021/02/17,17:00:00,3415469,480,Waasland-Beveren,Eupen,92,11',Waasland-Beveren,480,1,0,True
2020,26,2021/02/17,17:00:00,3415469,480,Waasland-Beveren,Eupen,92,30',Eupen,92,1,0,False
2020,26,2021/02/17,19:00:00,3415461,31,KV Oostende,Genk,290,10',Genk,290,0,1,True
2020,26,2021/02/17,19:00:00,3415461,31,KV Oostende,Genk,290,22',KV Oostende,31,1,1,True
2020,26,2021/02/17,19:00:00,3415461,31,KV Oostende,Genk,290,26',KV Oostende,31,2,1,True
2020,26,2021/02/17,19:00:00,3415461,31,KV Oostende,Genk,290,58',KV Oostende,31,3,1,True
2020,26,2021/03/12,20:45:00,3415466,29,R Charleroi SC,FCB,253,7',FCB,253,0,1,True
2020,26,2021/03/12,20:45:00,3415466,29,R Charleroi SC,FCB,253,90',R Charleroi SC,29,1,1,True
2020,27,2021/02/19,20:45:00,3415474,25,KV Mechelen,Gent,7,10',Gent,7,0,1,True
2020,27,2021/02/19,20:45:00,3415474,25,KV Mechelen,Gent,7,16',KV Mechelen,25,1,1,True
2020,27,2021/02/20,16:15:00,3415472,1792,KAS Eupen,KVO,362,49',KVO,362,0,1,True
2020,27,2021/02/20,16:15:00,3415472,1792,KAS Eupen,KVO,362,84',KAS Eupen,1792,1,1,True
2020,27,2021/02/20,18:30:00,3415475,216,Moeskroen,Cercle,12,13',Cercle,12,0,1,True
2020,27,2021/02/20,18:30:00,3415475,216,Moeskroen,Cercle,12,88',Cercle,12,0,2,True
2020,27,2021/02/20,18:30:00,3415475,216,Moeskroen,Cercle,12,90+1',Moeskroen,216,1,2,True
2020,27,2021/02/20,20:45:00,3415478,480,Waasland-Beveren,RCSC,22,87',Waasland-Beveren,480,1,0,True
2020,27,2021/02/20,20:45:00,3415478,480,Waasland-Beveren,RCSC,22,90+1',RCSC,22,1,1,True
2020,27,2021/02/21,13:30:00,3415476,35,RSC Anderlecht,KVK,100,45+2',KVK,100,0,1,True
2020,27,2021/02/21,13:30:00,3415476,35,RSC Anderlecht,KVK,100,74',KVK,100,0,2,True
2020,27,2021/02/21,16:00:00,3415477,2159,Zulte Waregem,SL,231,11',SL,231,0,1,True
2020,27,2021/02/21,16:00:00,3415477,2159,Zulte Waregem,SL,231,15',Zulte Waregem,2159,1,1,True
2020,27,2021/02/21,16:00:00,3415477,2159,Zulte Waregem,SL,231,53',SL,231,1,2,True
2020,27,2021/02/21,16:00:00,3415477,2159,Zulte Waregem,SL,231,56',Zulte Waregem,2159,2,2,True
2020,27,2021/02/21,16:00:00,3415477,2159,Zulte Waregem,SL,231,59',Zulte Waregem,2159,3,2,True
2020,27,2021/02/21,18:15:00,3415473,290,KRC Genk,KBVA,3530,65',KBVA,3530,0,1,True
2020,27,2021/02/21,18:15:00,3415473,290,KRC Genk,KBVA,3530,82',KBVA,3530,0,2,True
2020,27,2021/02/21,18:15:00,3415473,290,KRC Genk,KBVA,3530,90+3',KRC Genk,290,1,2,True
2020,27,2021/02/22,20:45:00,3415471,3,Club Brugge,OHL,18,8',Club Brugge,3,1,0,True
2020,27,2021/02/22,20:45:00,3415471,3,Club Brugge,OHL,18,39',Club Brugge,3,2,0,True
2020,27,2021/02/22,20:45:00,3415471,3,Club Brugge,OHL,18,90+3',Club Brugge,3,3,0,True
2020,28,2021/02/26,20:45:00,3415485,29,R Charleroi SC,Genk,290,17',Genk,290,0,1,True
2020,28,2021/02/26,20:45:00,3415485,29,R Charleroi SC,Genk,290,52',R Charleroi SC,29,1,1,True
2020,28,2021/02/26,20:45:00,3415485,29,R Charleroi SC,Genk,290,83',Genk,290,1,2,True
2020,28,2021/02/27,16:15:00,3415480,12,Cercle Brugge,W-B,3780,29',Cercle Brugge,12,1,0,True
2020,28,2021/02/27,16:15:00,3415480,12,Cercle Brugge,W-B,3780,82',Cercle Brugge,12,2,0,True
2020,28,2021/02/27,18:30:00,3415483,31,KV Oostende,KVM,25,27',KV Oostende,31,1,0,True
2020,28,2021/02/27,18:30:00,3415483,31,KV Oostende,KVM,25,86',KV Oostende,31,2,0,True
2020,28,2021/02/27,20:45:00,3415482,19,KV Kortrijk,Zulte,622,20',KV Kortrijk,19,1,0,True
2020,28,2021/02/27,20:45:00,3415482,19,KV Kortrijk,Zulte,622,23',Zulte,622,1,1,True
2020,28,2021/02/27,20:45:00,3415482,19,KV Kortrijk,Zulte,622,65',Zulte,622,1,2,True
2020,28,2021/02/28,13:30:00,3415486,16,Standard Luik,RSCA,35,23',RSCA,35,0,1,True
2020,28,2021/02/28,13:30:00,3415486,16,Standard Luik,RSCA,35,71',RSCA,35,0,2,True
2020,28,2021/02/28,13:30:00,3415486,16,Standard Luik,RSCA,35,83',Standard Luik,16,1,2,True
2020,28,2021/02/28,13:30:00,3415486,16,Standard Luik,RSCA,35,90+4',RSCA,35,1,3,True
2020,28,2021/02/28,16:00:00,3415479,13,Beerschot V.A.,REM,190,26',REM,190,0,1,True
2020,28,2021/02/28,16:00:00,3415479,13,Beerschot V.A.,REM,190,71',REM,190,0,2,True
2020,28,2021/02/28,16:00:00,3415479,13,Beerschot V.A.,REM,190,86',Beerschot V.A.,13,1,2,True
2020,28,2021/02/28,16:00:00,3415479,13,Beerschot V.A.,REM,190,90+4',Beerschot V.A.,13,2,2,True
2020,28,2021/02/28,20:45:00,3415487,322,St-Truidense VV,Eupen,92,41',Eupen,92,0,1,True
2020,28,2021/02/28,20:45:00,3415487,322,St-Truidense VV,Eupen,92,61',St-Truidense VV,322,0,1,False
2020,28,2021/02/28,20:45:00,3415487,322,St-Truidense VV,Eupen,92,89',Eupen,92,0,2,True
2020,28,2021/03/01,20:45:00,3415484,2495,OH Leuven,RAFC,2449,25',OH Leuven,2495,1,0,True
2020,28,2021/03/01,20:45:00,3415484,2495,OH Leuven,RAFC,2449,29',OH Leuven,2495,2,0,True
2020,28,2021/03/15,20:45:00,3415481,7,KAA Gent,FCB,253,52',FCB,253,0,1,True
2020,28,2021/03/15,20:45:00,3415481,7,KAA Gent,FCB,253,63',FCB,253,0,2,True
2020,28,2021/03/15,20:45:00,3415481,7,KAA Gent,FCB,253,67',FCB,253,0,3,True
2020,28,2021/03/15,20:45:00,3415481,7,KAA Gent,FCB,253,80',FCB,253,0,4,True
2020,29,2021/03/06,16:15:00,3415491,1792,KAS Eupen,OHL,18,8',KAS Eupen,1792,,,False
2020,29,2021/03/06,16:15:00,3415491,1792,KAS Eupen,OHL,18,27',OHL,18,0,1,True
2020,29,2021/03/06,16:15:00,3415491,1792,KAS Eupen,OHL,18,29',KAS Eupen,1792,1,1,True
2020,29,2021/03/06,16:15:00,3415491,1792,KAS Eupen,OHL,18,36',OHL,18,1,2,True
2020,29,2021/03/06,16:15:00,3415491,1792,KAS Eupen,OHL,18,43',KAS Eupen,1792,2,2,True
2020,29,2021/03/06,16:15:00,3415491,1792,KAS Eupen,OHL,18,55',OHL,18,2,3,True
2020,29,2021/03/06,16:15:00,3415491,1792,KAS Eupen,OHL,18,67',KAS Eupen,1792,3,3,True
2020,29,2021/03/06,18:30:00,3415496,480,Waasland-Beveren,KBVA,3530,8',Waasland-Beveren,480,1,0,True
2020,29,2021/03/06,18:30:00,3415496,480,Waasland-Beveren,KBVA,3530,34',KBVA,3530,1,1,True
2020,29,2021/03/06,18:30:00,3415496,480,Waasland-Beveren,KBVA,3530,73',KBVA,3530,1,2,True
2020,29,2021/03/06,20:45:00,3415488,1,Antwerp FC,KVK,100,20',Antwerp FC,1,1,2,False
2020,29,2021/03/06,20:45:00,3415488,1,Antwerp FC,KVK,100,28',Antwerp FC,1,1,0,True
2020,29,2021/03/06,20:45:00,3415488,1,Antwerp FC,KVK,100,54',Antwerp FC,1,1,0,False
2020,29,2021/03/06,20:45:00,3415488,1,Antwerp FC,KVK,100,55',Antwerp FC,1,2,0,True
2020,29,2021/03/06,20:45:00,3415488,1,Antwerp FC,KVK,100,56',KVK,100,2,1,True
2020,29,2021/03/06,20:45:00,3415488,1,Antwerp FC,KVK,100,67',KVK,100,2,2,True
2020,29,2021/03/06,20:45:00,3415488,1,Antwerp FC,KVK,100,72',Antwerp FC,1,3,2,True
2020,29,2021/03/06,20:45:00,3415488,1,Antwerp FC,KVK,100,85',Antwerp FC,1,4,2,True
2020,29,2021/03/07,13:30:00,3415493,216,Moeskroen,SL,231,37',Moeskroen,216,1,0,True
2020,29,2021/03/07,16:00:00,3415489,3,Club Brugge,Zulte,622,21',Club Brugge,3,1,0,True
2020,29,2021/03/07,16:00:00,3415489,3,Club Brugge,Zulte,622,37',Club Brugge,3,2,0,True
2020,29,2021/03/07,16:00:00,3415489,3,Club Brugge,Zulte,622,63',Club Brugge,3,3,0,True
2020,29,2021/03/07,18:15:00,3415494,35,RSC Anderlecht,KVM,25,43',RSC Anderlecht,35,1,0,True
2020,29,2021/03/07,18:15:00,3415494,35,RSC Anderlecht,KVM,25,66',KVM,25,1,1,True
2020,29,2021/03/07,20:45:00,3415492,290,KRC Genk,Cercle,12,9',KRC Genk,290,1,0,True
2020,29,2021/03/07,20:45:00,3415492,290,KRC Genk,Cercle,12,24',KRC Genk,290,2,0,True
2020,29,2021/03/07,20:45:00,3415492,290,KRC Genk,Cercle,12,39',Cercle,12,2,0,False
2020,29,2021/03/08,20:45:00,3415490,7,KAA Gent,KVO,362,41',KAA Gent,7,1,0,True
2020,30,2021/01/09,16:15:00,3415504,2159,Zulte Waregem,REM,190,9',Zulte Waregem,2159,1,0,True
2020,30,2021/01/09,18:30:00,3415498,12,Cercle Brugge,Eupen,92,53',Cercle Brugge,12,1,0,True
2020,30,2021/01/09,18:30:00,3415498,12,Cercle Brugge,Eupen,92,69',Eupen,92,1,1,True
2020,30,2021/01/09,18:30:00,3415498,12,Cercle Brugge,Eupen,92,76',Eupen,92,1,2,True
2020,30,2021/01/09,18:30:00,3415499,19,KV Kortrijk,Genk,290,23',KV Kortrijk,19,1,0,True
2020,30,2021/01/09,18:30:00,3415499,19,KV Kortrijk,Genk,290,41',Genk,290,1,1,True
2020,30,2021/01/09,18:30:00,3415499,19,KV Kortrijk,Genk,290,54',KV Kortrijk,19,2,1,True
2020,30,2021/01/09,20:45:00,3415501,31,KV Oostende,RCSC,22,5',KV Oostende,31,1,0,True
2020,30,2021/01/09,20:45:00,3415501,31,KV Oostende,RCSC,22,27',RCSC,22,1,1,True
2020,30,2021/01/09,20:45:00,3415501,31,KV Oostende,RCSC,22,58',KV Oostende,31,2,1,True
2020,30,2021/01/09,20:45:00,3415501,31,KV Oostende,RCSC,22,63',KV Oostende,31,3,1,True
2020,30,2021/01/09,20:45:00,3415501,31,KV Oostende,RCSC,22,75',RCSC,22,3,2,True
2020,30,2021/01/10,13:30:00,3415500,25,KV Mechelen,RAFC,2449,59',KV Mechelen,25,1,0,True
2020,30,2021/01/10,13:30:00,3415500,25,KV Mechelen,RAFC,2449,63',KV Mechelen,25,2,0,True
2020,30,2021/01/10,13:30:00,3415500,25,KV Mechelen,RAFC,2449,67',KV Mechelen,25,3,0,True
2020,30,2021/01/10,16:00:00,3415497,13,Beerschot V.A.,Gent,7,8',Beerschot V.A.,13,3,0,False
2020,30,2021/01/10,16:00:00,3415497,13,Beerschot V.A.,Gent,7,23',Beerschot V.A.,13,1,0,True
2020,30,2021/01/10,16:00:00,3415497,13,Beerschot V.A.,Gent,7,43',Gent,7,1,1,True
2020,30,2021/01/10,18:15:00,3415502,2495,OH Leuven,RSCA,35,87',OH Leuven,2495,1,0,True
2020,30,2021/01/10,20:45:00,3415505,322,St-Truidense VV,FCB,253,13',FCB,253,0,1,True
2020,30,2021/01/10,20:45:00,3415505,322,St-Truidense VV,FCB,253,35',FCB,253,0,2,True
2020,30,2021/01/10,20:45:00,3415505,322,St-Truidense VV,FCB,253,55',St-Truidense VV,322,1,2,True
2020,30,2021/01/10,20:45:00,3415505,322,St-Truidense VV,FCB,253,86',St-Truidense VV,322,1,2,False
2020,30,2021/01/11,20:45:00,3415503,16,Standard Luik,W-B,3780,31',Standard Luik,16,1,0,True
2020,30,2021/01/11,20:45:00,3415503,16,Standard Luik,W-B,3780,66',Standard Luik,16,2,0,True
2020,30,2021/01/11,20:45:00,3415503,16,Standard Luik,W-B,3780,74',Standard Luik,16,3,0,True
2020,30,2021/01/11,20:45:00,3415503,16,Standard Luik,W-B,3780,84',W-B,3780,3,1,True
2020,31,2021/03/19,20:45:00,3415506,290,KRC Genk,SL,231,54',SL,231,0,1,True
2020,31,2021/03/19,20:45:00,3415506,290,KRC Genk,SL,231,59',KRC Genk,290,1,1,True
2020,31,2021/03/19,20:45:00,3415506,290,KRC Genk,SL,231,72',KRC Genk,290,2,1,True
2020,31,2021/03/19,20:45:00,3415506,290,KRC Genk,SL,231,81',SL,231,2,2,True
2020,31,2021/03/20,18:30:00,3415512,216,Moeskroen,KVO,362,90+2',KVO,362,0,1,True
2020,31,2021/03/20,20:45:00,3415510,1792,KAS Eupen,KVK,100,52',KAS Eupen,1792,1,0,True
2020,31,2021/03/20,20:45:00,3415510,1792,KAS Eupen,KVK,100,80',KAS Eupen,1792,2,0,True
2020,31,2021/03/21,13:30:00,3415508,3,Club Brugge,RAFC,2449,9',RAFC,2449,0,1,True
2020,31,2021/03/21,13:30:00,3415508,3,Club Brugge,RAFC,2449,43',RAFC,2449,0,2,True
2020,31,2021/03/21,13:30:00,3415508,3,Club Brugge,RAFC,2449,89',Club Brugge,3,0,2,False
2020,31,2021/03/21,16:00:00,3415511,25,KV Mechelen,OHL,18,30',KV Mechelen,25,1,0,True
2020,31,2021/03/21,16:00:00,3415511,25,KV Mechelen,OHL,18,40',OHL,18,1,1,True
2020,31,2021/03/21,16:00:00,3415511,25,KV Mechelen,OHL,18,70',OHL,18,1,2,True
2020,31,2021/03/21,16:00:00,3415511,25,KV Mechelen,OHL,18,80',KV Mechelen,25,2,2,True
2020,31,2021/03/21,18:15:00,3415513,35,RSC Anderlecht,Zulte,622,5',Zulte,622,0,1,True
2020,31,2021/03/21,18:15:00,3415513,35,RSC Anderlecht,Zulte,622,26',Zulte,622,0,1,False
2020,31,2021/03/21,18:15:00,3415513,35,RSC Anderlecht,Zulte,622,32',RSC Anderlecht,35,1,1,True
2020,31,2021/03/21,18:15:00,3415513,35,RSC Anderlecht,Zulte,622,45+2',RSC Anderlecht,35,2,1,True
2020,31,2021/03/21,18:15:00,3415513,35,RSC Anderlecht,Zulte,622,54',RSC Anderlecht,35,3,1,True
2020,31,2021/03/21,18:15:00,3415513,35,RSC Anderlecht,Zulte,622,85',RSC Anderlecht,35,3,1,False
2020,31,2021/03/21,18:15:00,3415513,35,RSC Anderlecht,Zulte,622,89',RSC Anderlecht,35,4,1,True
2020,31,2021/03/21,20:45:00,3415509,7,KAA Gent,Cercle,12,81',KAA Gent,7,1,0,True
2020,31,2021/03/21,20:45:00,3415509,7,KAA Gent,Cercle,12,81',KAA Gent,7,1,0,False
2020,31,2021/04/06,19:00:00,3415514,480,Waasland-Beveren,STVV,373,2',Waasland-Beveren,480,1,0,True
2020,31,2021/04/06,19:00:00,3415514,480,Waasland-Beveren,STVV,373,27',Waasland-Beveren,480,1,0,False
2020,31,2021/04/06,19:00:00,3415514,480,Waasland-Beveren,STVV,373,32',STVV,373,1,1,True
2020,31,2021/04/06,19:00:00,3415514,480,Waasland-Beveren,STVV,373,51',STVV,373,1,2,True
2020,31,2021/04/06,19:00:00,3415514,480,Waasland-Beveren,STVV,373,73',Waasland-Beveren,480,1,2,False
2020,31,2021/04/06,19:00:00,3415514,480,Waasland-Beveren,STVV,373,75',STVV,373,1,3,True
2020,31,2021/04/06,19:00:00,3415514,480,Waasland-Beveren,STVV,373,78',Waasland-Beveren,480,2,3,True
2020,31,2021/04/06,19:00:00,3415514,480,Waasland-Beveren,STVV,373,84',STVV,373,2,4,True
2020,31,2021/04/07,19:00:00,3415507,13,Beerschot V.A.,RCSC,22,34',Beerschot V.A.,13,1,0,True
2020,31,2021/04/07,19:00:00,3415507,13,Beerschot V.A.,RCSC,22,70',RCSC,22,1,1,True
2020,31,2021/04/07,19:00:00,3415507,13,Beerschot V.A.,RCSC,22,90+4',Beerschot V.A.,13,2,1,True
2020,32,2021/04/03,16:15:00,3415519,31,KV Oostende,W-B,3780,23',W-B,3780,0,1,True
2020,32,2021/04/03,16:15:00,3415519,31,KV Oostende,W-B,3780,41',W-B,3780,0,2,True
2020,32,2021/04/03,16:15:00,3415519,31,KV Oostende,W-B,3780,76',KV Oostende,31,0,2,False
2020,32,2021/04/03,16:15:00,3415519,31,KV Oostende,W-B,3780,89',KV Oostende,31,0,2,False
2020,32,2021/04/03,18:30:00,3415523,322,St-Truidense VV,KVM,25,11',St-Truidense VV,322,1,0,True
2020,32,2021/04/03,18:30:00,3415523,322,St-Truidense VV,KVM,25,42',St-Truidense VV,322,2,0,True
2020,32,2021/04/03,18:30:00,3415523,322,St-Truidense VV,KVM,25,90',KVM,25,2,1,True
2020,32,2021/04/03,20:45:00,3415518,19,KV Kortrijk,FCB,253,18',KV Kortrijk,19,1,0,True
2020,32,2021/04/03,20:45:00,3415518,19,KV Kortrijk,FCB,253,21',FCB,253,1,1,True
2020,32,2021/04/03,20:45:00,3415518,19,KV Kortrijk,FCB,253,77',FCB,253,1,2,True
2020,32,2021/04/04,13:30:00,3415516,12,Cercle Brugge,KBVA,3530,18',Cercle Brugge,12,1,0,True
2020,32,2021/04/04,13:30:00,3415516,12,Cercle Brugge,KBVA,3530,34',Cercle Brugge,12,2,0,True
2020,32,2021/04/04,13:30:00,3415516,12,Cercle Brugge,KBVA,3530,38',Cercle Brugge,12,2,0,False
2020,32,2021/04/04,13:30:00,3415516,12,Cercle Brugge,KBVA,3530,50',KBVA,3530,2,1,True
2020,32,2021/04/04,18:15:00,3415515,16,Standard Luik,Gent,7,36',Gent,7,2,1,False
2020,32,2021/04/04,18:15:00,3415515,16,Standard Luik,Gent,7,43',Gent,7,2,1,False
2020,32,2021/04/04,18:15:00,3415515,16,Standard Luik,Gent,7,43',Gent,7,0,1,True
2020,32,2021/04/04,18:15:00,3415515,16,Standard Luik,Gent,7,66',Standard Luik,16,1,1,True
2020,32,2021/04/04,18:15:00,3415515,16,Standard Luik,Gent,7,77',Standard Luik,16,2,1,True
2020,32,2021/04/04,20:45:00,3415521,29,R Charleroi SC,REM,190,85',REM,190,0,1,True
2020,32,2021/04/04,20:45:00,3415521,29,R Charleroi SC,REM,190,88',R Charleroi SC,29,1,1,True
2020,32,2021/04/05,13:30:00,3415520,2495,OH Leuven,Genk,290,7',Genk,290,0,1,True
2020,32,2021/04/05,13:30:00,3415520,2495,OH Leuven,Genk,290,74',OH Leuven,2495,1,1,True
2020,32,2021/04/05,13:30:00,3415520,2495,OH Leuven,Genk,290,81',Genk,290,1,2,True
2020,32,2021/04/05,13:30:00,3415520,2495,OH Leuven,Genk,290,83',Genk,290,1,3,True
2020,32,2021/04/05,13:30:00,3415520,2495,OH Leuven,Genk,290,90+2',OH Leuven,2495,2,3,True
2020,32,2021/04/05,16:00:00,3415522,2159,Zulte Waregem,Eupen,92,22',Eupen,92,0,1,True
2020,32,2021/04/05,16:00:00,3415522,2159,Zulte Waregem,Eupen,92,59',Zulte Waregem,2159,1,1,True
2020,32,2021/04/05,16:00:00,3415522,2159,Zulte Waregem,Eupen,92,80',Eupen,92,1,1,False
2020,32,2021/04/05,16:00:00,3415522,2159,Zulte Waregem,Eupen,92,82',Zulte Waregem,2159,2,1,True
2020,32,2021/04/05,18:15:00,3415517,1,Antwerp FC,RSCA,35,51',RSCA,35,2,1,False
2020,32,2021/04/05,18:15:00,3415517,1,Antwerp FC,RSCA,35,52',RSCA,35,0,1,True
2020,32,2021/04/05,18:15:00,3415517,1,Antwerp FC,RSCA,35,62',RSCA,35,0,2,True
2020,32,2021/04/05,18:15:00,3415517,1,Antwerp FC,RSCA,35,77',RSCA,35,0,3,True
2020,32,2021/04/05,18:15:00,3415517,1,Antwerp FC,RSCA,35,84',RSCA,35,0,4,True
2020,32,2021/04/05,18:15:00,3415517,1,Antwerp FC,RSCA,35,89',Antwerp FC,1,1,4,True
2020,33,2021/04/09,20:45:00,3415528,1792,KAS Eupen,SL,231,43',SL,231,0,1,True
2020,33,2021/04/09,20:45:00,3415528,1792,KAS Eupen,SL,231,68',SL,231,0,2,True
2020,33,2021/04/09,20:45:00,3415528,1792,KAS Eupen,SL,231,71',SL,231,0,3,True
2020,33,2021/04/09,20:45:00,3415528,1792,KAS Eupen,SL,231,85',SL,231,0,4,True
2020,33,2021/04/10,16:15:00,3415526,12,Cercle Brugge,OHL,18,33',Cercle Brugge,12,0,4,False
2020,33,2021/04/10,16:15:00,3415526,12,Cercle Brugge,OHL,18,44',Cercle Brugge,12,1,0,True
2020,33,2021/04/10,16:15:00,3415526,12,Cercle Brugge,OHL,18,56',Cercle Brugge,12,2,0,True
2020,33,2021/04/10,16:15:00,3415526,12,Cercle Brugge,OHL,18,73',Cercle Brugge,12,3,0,True
2020,33,2021/04/10,18:30:00,3415524,25,KV Mechelen,Zulte,622,30',KV Mechelen,25,1,0,True
2020,33,2021/04/10,18:30:00,3415524,25,KV Mechelen,Zulte,622,33',KV Mechelen,25,2,0,True
2020,33,2021/04/10,18:30:00,3415524,25,KV Mechelen,Zulte,622,64',Zulte,622,2,1,True
2020,33,2021/04/10,18:30:00,3415524,25,KV Mechelen,Zulte,622,66',KV Mechelen,25,3,1,True
2020,33,2021/04/10,18:30:00,3415524,25,KV Mechelen,Zulte,622,78',Zulte,622,3,2,True
2020,33,2021/04/10,18:30:00,3415524,25,KV Mechelen,Zulte,622,80',KV Mechelen,25,4,2,True
2020,33,2021/04/10,18:30:00,3415524,25,KV Mechelen,Zulte,622,90+4',Zulte,622,4,2,False
2020,33,2021/04/10,20:45:00,3415527,7,KAA Gent,RCSC,22,4',KAA Gent,7,1,0,True
2020,33,2021/04/10,20:45:00,3415527,7,KAA Gent,RCSC,22,8',KAA Gent,7,2,0,True
2020,33,2021/04/10,20:45:00,3415527,7,KAA Gent,RCSC,22,64',KAA Gent,7,3,0,True
2020,33,2021/04/10,20:45:00,3415527,7,KAA Gent,RCSC,22,86',KAA Gent,7,4,0,True
2020,33,2021/04/11,13:30:00,3415529,290,KRC Genk,STVV,373,21',KRC Genk,290,1,0,True
2020,33,2021/04/11,13:30:00,3415529,290,KRC Genk,STVV,373,24',KRC Genk,290,2,0,True
2020,33,2021/04/11,13:30:00,3415529,290,KRC Genk,STVV,373,35',KRC Genk,290,3,0,True
2020,33,2021/04/11,13:30:00,3415529,290,KRC Genk,STVV,373,41',STVV,373,3,0,False
2020,33,2021/04/11,13:30:00,3415529,290,KRC Genk,STVV,373,53',KRC Genk,290,4,0,True
2020,33,2021/04/11,16:00:00,3415532,480,Waasland-Beveren,KVK,100,3',KVK,100,0,1,True
2020,33,2021/04/11,16:00:00,3415532,480,Waasland-Beveren,KVK,100,17',Waasland-Beveren,480,1,1,True
2020,33,2021/04/11,16:00:00,3415532,480,Waasland-Beveren,KVK,100,44',Waasland-Beveren,480,2,1,True
2020,33,2021/04/11,16:00:00,3415532,480,Waasland-Beveren,KVK,100,48',KVK,100,2,2,True
2020,33,2021/04/11,16:00:00,3415532,480,Waasland-Beveren,KVK,100,58',KVK,100,2,3,True
2020,33,2021/04/11,16:00:00,3415532,480,Waasland-Beveren,KVK,100,90+3',Waasland-Beveren,480,3,3,True
2020,33,2021/04/11,16:00:00,3415532,480,Waasland-Beveren,KVK,100,90+6',KVK,100,3,4,True
2020,33,2021/04/11,18:15:00,3415531,35,RSC Anderlecht,FCB,253,53',FCB,253,0,1,True
2020,33,2021/04/11,18:15:00,3415531,35,RSC Anderlecht,FCB,253,72',RSC Anderlecht,35,1,1,True
2020,33,2021/04/11,18:15:00,3415531,35,RSC Anderlecht,FCB,253,76',RSC Anderlecht,35,2,1,True
2020,33,2021/04/11,20:45:00,3415525,13,Beerschot V.A.,KVO,362,23',Beerschot V.A.,13,1,0,True
2020,33,2021/04/11,20:45:00,3415525,13,Beerschot V.A.,KVO,362,81',KVO,362,1,1,True
2020,33,2021/04/11,20:45:00,3415525,13,Beerschot V.A.,KVO,362,84',KVO,362,1,2,True
2020,33,2021/04/12,20:45:00,3415530,216,Moeskroen,RAFC,2449,22',RAFC,2449,0,1,True
2020,33,2021/04/12,20:45:00,3415530,216,Moeskroen,RAFC,2449,41',RAFC,2449,0,1,False
2020,33,2021/04/12,20:45:00,3415530,216,Moeskroen,RAFC,2449,48',RAFC,2449,0,2,True
2020,33,2021/04/12,20:45:00,3415530,216,Moeskroen,RAFC,2449,49',Moeskroen,216,1,2,True
2020,33,2021/04/12,20:45:00,3415530,216,Moeskroen,RAFC,2449,62',RAFC,2449,1,3,True
2020,33,2021/04/12,20:45:00,3415530,216,Moeskroen,RAFC,2449,88',Moeskroen,216,2,3,True
2020,34,2021/04/17,18:30:00,3415538,29,R Charleroi SC,Eupen,92,20',Eupen,92,,,False
2020,34,2021/04/17,18:30:00,3415538,29,R Charleroi SC,Eupen,92,20',Eupen,92,0,1,True
2020,34,2021/04/17,18:30:00,3415538,29,R Charleroi SC,Eupen,92,28',Eupen,92,0,2,True
2020,34,2021/04/17,18:30:00,3415538,29,R Charleroi SC,Eupen,92,32',R Charleroi SC,29,1,2,True
2020,34,2021/04/17,18:30:00,3415538,29,R Charleroi SC,Eupen,92,45+1',Eupen,92,1,3,True
2020,34,2021/04/17,18:30:00,3415538,29,R Charleroi SC,Eupen,92,81',R Charleroi SC,29,2,3,True
2020,34,2021/04/17,20:45:00,3415533,1,Antwerp FC,Genk,290,22',Genk,290,0,1,True
2020,34,2021/04/17,20:45:00,3415533,1,Antwerp FC,Genk,290,64',Genk,290,0,2,True
2020,34,2021/04/17,20:45:00,3415533,1,Antwerp FC,Genk,290,67',Antwerp FC,1,1,2,True
2020,34,2021/04/17,20:45:00,3415533,1,Antwerp FC,Genk,290,90',Antwerp FC,1,2,2,True
2020,34,2021/04/17,20:45:00,3415533,1,Antwerp FC,Genk,290,90+2',Antwerp FC,1,3,2,True
2020,34,2021/04/18,18:00:00,3415534,3,Club Brugge,REM,190,51',REM,190,0,1,True
2020,34,2021/04/18,18:00:00,3415534,3,Club Brugge,REM,190,55',Club Brugge,3,1,1,True
2020,34,2021/04/18,18:00:00,3415534,3,Club Brugge,REM,190,64',Club Brugge,3,2,1,True
2020,34,2021/04/18,18:00:00,3415534,3,Club Brugge,REM,190,72',REM,190,2,2,True
2020,34,2021/04/18,18:00:00,3415534,3,Club Brugge,REM,190,85',Club Brugge,3,3,2,True
2020,34,2021/04/18,18:00:00,3415534,3,Club Brugge,REM,190,89',Club Brugge,3,4,2,True
2020,34,2021/04/18,18:00:00,3415535,19,KV Kortrijk,KVM,25,10',KV Kortrijk,19,1,0,True
2020,34,2021/04/18,18:00:00,3415535,19,KV Kortrijk,KVM,25,28',KVM,25,1,1,True
2020,34,2021/04/18,18:00:00,3415535,19,KV Kortrijk,KVM,25,35',KVM,25,1,2,True
2020,34,2021/04/18,18:00:00,3415535,19,KV Kortrijk,KVM,25,46',KVM,25,1,3,True
2020,34,2021/04/18,18:00:00,3415535,19,KV Kortrijk,KVM,25,82',KVM,25,1,4,True
2020,34,2021/04/18,18:00:00,3415536,31,KV Oostende,Cercle,12,49',Cercle,12,0,1,True
2020,34,2021/04/18,18:00:00,3415536,31,KV Oostende,Cercle,12,90+3',KV Oostende,31,1,1,True
2020,34,2021/04/18,18:00:00,3415537,2495,OH Leuven,W-B,3780,30',W-B,3780,0,1,True
2020,34,2021/04/18,18:00:00,3415537,2495,OH Leuven,W-B,3780,47',OH Leuven,2495,1,1,True
2020,34,2021/04/18,18:00:00,3415537,2495,OH Leuven,W-B,3780,67',W-B,3780,1,2,True
2020,34,2021/04/18,18:00:00,3415539,16,Standard Luik,KBVA,3530,44',Standard Luik,16,1,0,True
2020,34,2021/04/18,18:00:00,3415539,16,Standard Luik,KBVA,3530,60',Standard Luik,16,2,0,True
2020,34,2021/04/18,18:00:00,3415539,16,Standard Luik,KBVA,3530,86',Standard Luik,16,3,0,True
2020,34,2021/04/18,18:00:00,3415540,2159,Zulte Waregem,Gent,7,14',Gent,7,0,1,True
2020,34,2021/04/18,18:00:00,3415540,2159,Zulte Waregem,Gent,7,29',Gent,7,0,2,True
2020,34,2021/04/18,18:00:00,3415540,2159,Zulte Waregem,Gent,7,40',Gent,7,0,3,True
2020,34,2021/04/18,18:00:00,3415540,2159,Zulte Waregem,Gent,7,48',Gent,7,0,4,True
2020,34,2021/04/18,18:00:00,3415540,2159,Zulte Waregem,Gent,7,63',Gent,7,0,5,True
2020,34,2021/04/18,18:00:00,3415540,2159,Zulte Waregem,Gent,7,75',Gent,7,0,6,True
2020,34,2021/04/18,18:00:00,3415540,2159,Zulte Waregem,Gent,7,80',Zulte Waregem,2159,1,6,True
2020,34,2021/04/18,18:00:00,3415540,2159,Zulte Waregem,Gent,7,84',Gent,7,1,7,True
2020,34,2021/04/18,18:00:00,3415540,2159,Zulte Waregem,Gent,7,86',Zulte Waregem,2159,2,7,True
2020,34,2021/04/18,18:00:00,3415541,322,St-Truidense VV,RSCA,35,80',RSCA,35,0,1,True
