date,time,home_team,home_team_number,away_team,away_team_number,goal_team,goal_time,result_home_team,result_away_team,valid_goal,season,day,match_id
2007/08/03,20:30:00,KV Mechelen,25,RSCA,None,RSCA,89',0,1,True,2007,1,79866
2007/08/04,20:00:00,R Charleroi SC,29,KSVRoe,None,R Charleroi SC,1',1,0,True,2007,1,79867
2007/08/04,20:00:00,R Charleroi SC,29,KSVRoe,None,KSVRoe,66',1,1,True,2007,1,79867
2007/08/04,20:00:00,Club Brugge,3,RAEC M,44,Club Brugge,25',1,0,True,2007,1,79868
2007/08/04,20:00:00,Club Brugge,3,RAEC M,44,RAEC M,44',1,1,True,2007,1,79868
2007/08/04,20:00:00,Club Brugge,3,RAEC M,44,Club Brugge,58',2,1,True,2007,1,79868
2007/08/04,20:00:00,FCV Dender EH,1611,GBA,None,FCV Dender EH,52',1,0,True,2007,1,79869
2007/08/04,20:00:00,FCV Dender EH,1611,GBA,None,GBA,57',1,1,True,2007,1,79869
2007/08/04,20:00:00,FCV Dender EH,1611,GBA,None,GBA,76',1,2,True,2007,1,79869
2007/08/04,20:00:00,FC Brussel,1,KVCWes,None,KVCWes,56',0,1,True,2007,1,79870
2007/08/04,20:00:00,FC Brussel,1,KVCWes,None,KVCWes,59',0,1,False,2007,1,79870
2007/08/04,20:00:00,FC Brussel,1,KVCWes,None,FC Brussel,76',0,1,False,2007,1,79870
2007/08/04,20:00:00,KRC Genk,290,Cercle,12,KRC Genk,8',1,0,True,2007,1,79871
2007/08/04,20:00:00,KRC Genk,290,Cercle,12,KRC Genk,21',2,0,True,2007,1,79871
2007/08/04,20:00:00,KRC Genk,290,Cercle,12,Cercle,24',2,1,True,2007,1,79871
2007/08/04,20:00:00,KRC Genk,290,Cercle,12,KRC Genk,36',3,1,True,2007,1,79871
2007/08/04,20:00:00,KSC Lokeren,201,STVV,None,KSC Lokeren,31',1,0,True,2007,1,79872
2007/08/04,20:00:00,KSC Lokeren,201,STVV,None,STVV,64',1,1,True,2007,1,79872
2007/08/04,20:00:00,KSC Lokeren,201,STVV,None,KSC Lokeren,73',2,1,True,2007,1,79872
2007/08/05,18:00:00,Exc. Mouscron,None,Gent,7,Gent,7',0,1,True,2007,1,79873
2007/08/05,18:00:00,Exc. Mouscron,None,Gent,7,Exc. Mouscron,8',1,1,True,2007,1,79873
2007/08/05,18:00:00,Exc. Mouscron,None,Gent,7,Gent,15',1,2,True,2007,1,79873
2007/08/05,18:00:00,Exc. Mouscron,None,Gent,7,Gent,68',1,3,True,2007,1,79873
2007/08/05,18:00:00,Exc. Mouscron,None,Gent,7,Gent,90',1,4,True,2007,1,79873
2007/08/05,20:30:00,Zulte Waregem,2159,SL,231,Zulte Waregem,34',1,0,True,2007,1,79874
2007/08/05,20:30:00,Zulte Waregem,2159,SL,231,SL,37',1,1,True,2007,1,79874
2007/08/05,20:30:00,Zulte Waregem,2159,SL,231,SL,48',1,2,True,2007,1,79874
2007/08/05,20:30:00,Zulte Waregem,2159,SL,231,SL,50',1,3,True,2007,1,79874
2007/08/05,20:30:00,Zulte Waregem,2159,SL,231,SL,83',1,4,True,2007,1,79874
2007/08/10,20:30:00,KVC Westerlo,867,RCSC,None,KVC Westerlo,11',1,0,True,2007,2,79875
2007/08/11,18:00:00,KAA Gent,7,Genk,290,KAA Gent,34',1,0,True,2007,2,79876
2007/08/11,18:00:00,KAA Gent,7,Genk,290,KAA Gent,56',2,0,True,2007,2,79876
2007/08/11,18:00:00,KAA Gent,7,Genk,290,KAA Gent,67',3,0,True,2007,2,79876
2007/08/11,18:00:00,KAA Gent,7,Genk,290,KAA Gent,69',4,0,True,2007,2,79876
2007/08/11,18:00:00,KAA Gent,7,Genk,290,KAA Gent,90',5,0,True,2007,2,79876
2007/08/11,20:00:00,RSC Anderlecht,35,LOK,801,RSC Anderlecht,79',1,0,True,2007,2,79877
2007/08/11,20:00:00,Cercle Brugge,12,Zulte,622,Cercle Brugge,4',1,0,True,2007,2,79878
2007/08/11,20:00:00,Cercle Brugge,12,Zulte,622,Cercle Brugge,89',2,0,True,2007,2,79878
2007/08/11,20:00:00,RAEC Mons,44,KVM,None,RAEC Mons,52',1,0,True,2007,2,79879
2007/08/11,20:00:00,RAEC Mons,44,KVM,None,KVM,60',1,1,True,2007,2,79879
2007/08/11,20:00:00,KSV Roeselare,134,FCVDEH,None,KSV Roeselare,9',1,0,True,2007,2,79880
2007/08/11,20:00:00,KSV Roeselare,134,FCVDEH,None,KSV Roeselare,44',2,0,True,2007,2,79880
2007/08/11,20:00:00,KSV Roeselare,134,FCVDEH,None,KSV Roeselare,75',3,0,True,2007,2,79880
2007/08/11,20:00:00,KSV Roeselare,134,FCVDEH,None,FCVDEH,87',3,1,True,2007,2,79880
2007/08/11,20:00:00,St-Truidense VV,322,Mous,376,Mous,60',0,1,True,2007,2,79881
2007/08/11,20:00:00,St-Truidense VV,322,Mous,376,Mous,65',0,2,True,2007,2,79881
2007/08/11,20:00:00,Standard Luik,16,FCB,253,Standard Luik,11',1,0,True,2007,2,79882
2007/08/11,20:00:00,Standard Luik,16,FCB,253,Standard Luik,34',2,0,True,2007,2,79882
2007/08/11,20:00:00,Standard Luik,16,FCB,253,FCB,59',2,1,True,2007,2,79882
2007/08/11,20:00:00,Standard Luik,16,FCB,253,FCB,65',2,1,False,2007,2,79882
2007/08/11,20:00:00,Standard Luik,16,FCB,253,Standard Luik,70',3,1,True,2007,2,79882
2007/08/11,20:00:00,Standard Luik,16,FCB,253,Standard Luik,74',4,1,True,2007,2,79882
2007/08/12,18:00:00,Germ. Beerschot,155,FCB,253,FCB,35',4,1,False,2007,2,79883
2007/08/12,18:00:00,Germ. Beerschot,155,FCB,253,FCB,75',0,1,True,2007,2,79883
2007/08/17,20:30:00,Club Brugge,3,STVV,None,Club Brugge,7',1,0,True,2007,3,79884
2007/08/17,20:30:00,Club Brugge,3,STVV,None,STVV,19',1,1,True,2007,3,79884
2007/08/17,20:30:00,Club Brugge,3,STVV,None,STVV,32',1,2,True,2007,3,79884
2007/08/17,20:30:00,Club Brugge,3,STVV,None,Club Brugge,46',2,2,True,2007,3,79884
2007/08/17,20:30:00,Club Brugge,3,STVV,None,Club Brugge,70',3,2,True,2007,3,79884
2007/08/18,18:00:00,FCV Dender EH,1611,RSCA,None,RSCA,11',0,1,True,2007,3,79885
2007/08/18,18:00:00,FCV Dender EH,1611,RSCA,None,RSCA,17',0,2,True,2007,3,79885
2007/08/18,18:00:00,FCV Dender EH,1611,RSCA,None,FCV Dender EH,22',1,2,True,2007,3,79885
2007/08/18,18:00:00,FCV Dender EH,1611,RSCA,None,FCV Dender EH,41',2,2,True,2007,3,79885
2007/08/18,20:00:00,R Charleroi SC,29,KVM,None,R Charleroi SC,89',1,0,True,2007,3,79886
2007/08/18,20:00:00,FC Brussel,1,Gent,7,Gent,70',0,1,True,2007,3,79887
2007/08/18,20:00:00,FC Brussel,1,Gent,7,Gent,89',0,2,True,2007,3,79887
2007/08/18,20:00:00,Exc. Mouscron,None,RAEC M,44,Exc. Mouscron,9',1,0,True,2007,3,79890
2007/08/18,20:00:00,Exc. Mouscron,None,RAEC M,44,Exc. Mouscron,30',2,0,True,2007,3,79890
2007/08/18,20:00:00,Exc. Mouscron,None,RAEC M,44,Exc. Mouscron,32',2,0,False,2007,3,79890
2007/08/18,20:00:00,Exc. Mouscron,None,RAEC M,44,RAEC M,32',2,1,True,2007,3,79890
2007/08/18,20:00:00,Exc. Mouscron,None,RAEC M,44,Exc. Mouscron,86',3,1,True,2007,3,79890
2007/08/18,20:00:00,Zulte Waregem,2159,KVCWes,None,Zulte Waregem,20',1,0,True,2007,3,79891
2007/08/19,18:00:00,Standard Luik,16,Cercle,12,Standard Luik,2',1,0,True,2007,3,79892
2007/08/19,18:00:00,Standard Luik,16,Cercle,12,Standard Luik,23',2,0,True,2007,3,79892
2007/08/19,18:00:00,Standard Luik,16,Cercle,12,Cercle,38',2,1,True,2007,3,79892
2007/08/19,18:00:00,Standard Luik,16,Cercle,12,Standard Luik,44',3,1,True,2007,3,79892
2007/08/19,18:00:00,Standard Luik,16,Cercle,12,Standard Luik,56',4,1,True,2007,3,79892
2007/08/25,18:00:00,Germ. Beerschot,155,Genk,290,Genk,20',0,1,True,2007,4,79893
2007/08/25,18:00:00,Germ. Beerschot,155,Genk,290,Genk,82',0,1,False,2007,4,79893
2007/08/25,18:00:00,Germ. Beerschot,155,Genk,290,Germ. Beerschot,89',1,2,True,2007,4,79893
2007/08/25,18:00:00,Germ. Beerschot,155,Genk,290,Genk,89',1,2,True,2007,4,79893
2007/08/25,20:00:00,RSC Anderlecht,35,FCB,253,RSC Anderlecht,15',1,0,True,2007,4,79894
2007/08/25,20:00:00,RSC Anderlecht,35,FCB,253,RSC Anderlecht,17',2,0,True,2007,4,79894
2007/08/25,20:00:00,RSC Anderlecht,35,FCB,253,RSC Anderlecht,89',3,0,True,2007,4,79894
2007/08/25,20:00:00,Cercle Brugge,12,FCVDEH,None,Cercle Brugge,45',1,0,True,2007,4,79895
2007/08/25,20:00:00,Cercle Brugge,12,FCVDEH,None,Cercle Brugge,71',2,0,True,2007,4,79895
2007/08/25,20:00:00,Cercle Brugge,12,FCVDEH,None,Cercle Brugge,88',3,0,True,2007,4,79895
2007/08/25,20:00:00,KAA Gent,7,Zulte,622,Zulte,15',0,1,True,2007,4,79896
2007/08/25,20:00:00,KAA Gent,7,Zulte,622,KAA Gent,33',1,1,True,2007,4,79896
2007/08/25,20:00:00,RAEC Mons,44,LOK,801,LOK,23',0,1,True,2007,4,79897
2007/08/25,20:00:00,KSV Roeselare,134,SL,231,SL,12',0,1,True,2007,4,79898
2007/08/25,20:00:00,KSV Roeselare,134,SL,231,SL,27',0,2,True,2007,4,79898
2007/08/25,20:00:00,KSV Roeselare,134,SL,231,SL,67',0,3,True,2007,4,79898
2007/08/25,20:00:00,KSV Roeselare,134,SL,231,SL,71',0,4,True,2007,4,79898
2007/08/25,20:00:00,KVC Westerlo,867,Mous,376,Mous,83',0,1,True,2007,4,79900
2007/08/25,20:00:00,KVC Westerlo,867,Mous,376,Mous,85',0,2,True,2007,4,79900
2007/08/26,18:00:00,St-Truidense VV,322,RCSC,None,RCSC,39',0,1,True,2007,4,79899
2007/08/26,18:00:00,St-Truidense VV,322,RCSC,None,RCSC,48',0,2,True,2007,4,79899
2007/08/26,18:00:00,St-Truidense VV,322,RCSC,None,St-Truidense VV,79',0,2,False,2007,4,79899
2007/08/26,18:00:00,St-Truidense VV,322,RCSC,None,RCSC,83',0,3,True,2007,4,79899
2007/08/26,18:00:00,St-Truidense VV,322,RCSC,None,St-Truidense VV,87',1,3,True,2007,4,79899
2007/08/27,20:30:00,KV Mechelen,25,FCB,253,FCB,2',0,1,True,2007,4,79901
2007/08/27,20:30:00,KV Mechelen,25,FCB,253,KV Mechelen,48',1,1,True,2007,4,79901
2007/08/31,20:30:00,R Charleroi SC,29,RAEC M,44,R Charleroi SC,23',1,0,True,2007,5,79903
2007/08/31,20:30:00,R Charleroi SC,29,RAEC M,44,RAEC M,44',1,1,True,2007,5,79903
2007/08/31,20:30:00,R Charleroi SC,29,RAEC M,44,R Charleroi SC,60',2,1,True,2007,5,79903
2007/08/31,20:30:00,R Charleroi SC,29,RAEC M,44,R Charleroi SC,82',3,1,True,2007,5,79903
2007/09/01,20:00:00,Cercle Brugge,12,Gent,7,Cercle Brugge,9',1,0,True,2007,5,79902
2007/09/01,20:00:00,Cercle Brugge,12,Gent,7,Cercle Brugge,35',2,0,True,2007,5,79902
2007/09/01,20:00:00,Cercle Brugge,12,Gent,7,Cercle Brugge,46',3,0,True,2007,5,79902
2007/09/01,20:00:00,Cercle Brugge,12,Gent,7,Gent,70',3,1,True,2007,5,79902
2007/09/01,20:00:00,Cercle Brugge,12,Gent,7,Cercle Brugge,89',4,1,True,2007,5,79902
2007/09/01,20:00:00,FCV Dender EH,1611,STVV,None,FCV Dender EH,89',1,0,True,2007,5,79904
2007/09/01,20:00:00,KRC Genk,290,KVCWes,None,KRC Genk,74',1,0,True,2007,5,79906
2007/09/01,20:00:00,KSC Lokeren,201,KVM,None,KSC Lokeren,11',1,0,True,2007,5,79907
2007/09/01,20:00:00,KSC Lokeren,201,KVM,None,KSC Lokeren,18',2,0,True,2007,5,79907
2007/09/01,20:00:00,KSC Lokeren,201,KVM,None,KSC Lokeren,48',3,0,True,2007,5,79907
2007/09/01,20:00:00,KSC Lokeren,201,KVM,None,KVM,53',3,1,True,2007,5,79907
2007/09/01,20:00:00,Zulte Waregem,2159,GBA,None,Zulte Waregem,14',1,0,True,2007,5,79910
2007/09/01,20:00:00,Zulte Waregem,2159,GBA,None,GBA,33',1,1,True,2007,5,79910
2007/09/01,20:00:00,Zulte Waregem,2159,GBA,None,Zulte Waregem,75',2,1,True,2007,5,79910
2007/09/02,18:00:00,Exc. Mouscron,None,RSCA,None,Exc. Mouscron,3',1,0,True,2007,5,79908
2007/09/02,18:00:00,Exc. Mouscron,None,RSCA,None,RSCA,14',1,1,True,2007,5,79908
2007/09/02,18:00:00,Exc. Mouscron,None,RSCA,None,RSCA,87',1,2,True,2007,5,79908
2007/09/02,20:30:00,Standard Luik,16,FCB,253,Standard Luik,65',1,0,True,2007,5,79909
2007/09/02,20:30:00,Standard Luik,16,FCB,253,FCB,66',1,1,True,2007,5,79909
2007/09/02,20:30:00,Standard Luik,16,FCB,253,Standard Luik,69',2,1,True,2007,5,79909
2007/09/02,20:30:00,Standard Luik,16,FCB,253,FCB,71',2,1,False,2007,5,79909
2007/09/15,20:00:00,RSC Anderlecht,35,Zulte,622,RSC Anderlecht,42',1,0,True,2007,6,79911
2007/09/15,20:00:00,RSC Anderlecht,35,Zulte,622,RSC Anderlecht,57',2,0,True,2007,6,79911
2007/09/15,20:00:00,RSC Anderlecht,35,Zulte,622,Zulte,74',2,1,True,2007,6,79911
2007/09/15,20:00:00,RSC Anderlecht,35,Zulte,622,Zulte,83',2,2,True,2007,6,79911
2007/09/15,20:00:00,Club Brugge,3,LOK,801,Club Brugge,67',1,0,True,2007,6,79912
2007/09/15,20:00:00,Club Brugge,3,LOK,801,LOK,86',1,1,True,2007,6,79912
2007/09/15,20:00:00,Germ. Beerschot,155,RCSC,None,Germ. Beerschot,57',1,0,True,2007,6,79914
2007/09/15,20:00:00,KV Mechelen,25,Mous,376,Mous,15',0,1,True,2007,6,79915
2007/09/15,20:00:00,KV Mechelen,25,Mous,376,Mous,68',0,2,True,2007,6,79915
2007/09/15,20:00:00,KV Mechelen,25,Mous,376,Mous,78',0,2,False,2007,6,79915
2007/09/15,20:00:00,KV Mechelen,25,Mous,376,KV Mechelen,87',1,2,True,2007,6,79915
2007/09/15,20:00:00,KV Mechelen,25,Mous,376,KV Mechelen,90+4',2,2,True,2007,6,79915
2007/09/15,20:00:00,RAEC Mons,44,FCB,253,FCB,18',0,1,True,2007,6,79916
2007/09/15,20:00:00,RAEC Mons,44,FCB,253,RAEC Mons,58',1,1,True,2007,6,79916
2007/09/15,20:00:00,RAEC Mons,44,FCB,253,RAEC Mons,70',2,1,True,2007,6,79916
2007/09/15,20:00:00,KSV Roeselare,134,Cercle,12,Cercle,78',0,1,True,2007,6,79917
2007/09/15,20:00:00,KSV Roeselare,134,Cercle,12,Cercle,90',0,2,True,2007,6,79917
2007/09/15,20:00:00,KVC Westerlo,867,FCVDEH,None,FCVDEH,86',0,2,False,2007,6,79919
2007/09/16,18:00:00,KAA Gent,7,SL,231,SL,43',0,1,True,2007,6,79913
2007/09/16,18:00:00,KAA Gent,7,SL,231,KAA Gent,69',1,1,True,2007,6,79913
2007/09/16,20:30:00,St-Truidense VV,322,Genk,290,St-Truidense VV,7',1,0,True,2007,6,79918
2007/09/16,20:30:00,St-Truidense VV,322,Genk,290,Genk,14',1,1,True,2007,6,79918
2007/09/16,20:30:00,St-Truidense VV,322,Genk,290,Genk,25',1,2,True,2007,6,79918
2007/09/16,20:30:00,St-Truidense VV,322,Genk,290,St-Truidense VV,83',1,2,False,2007,6,79918
2007/09/22,20:00:00,Cercle Brugge,12,GBA,None,GBA,9',0,1,True,2007,7,79920
2007/09/22,20:00:00,Cercle Brugge,12,GBA,None,Cercle Brugge,30',1,1,True,2007,7,79920
2007/09/22,20:00:00,FCV Dender EH,1611,RAEC M,44,RAEC M,3',0,1,True,2007,7,79922
2007/09/22,20:00:00,FCV Dender EH,1611,RAEC M,44,RAEC M,50',0,2,True,2007,7,79922
2007/09/22,20:00:00,FCV Dender EH,1611,RAEC M,44,RAEC M,73',0,3,True,2007,7,79922
2007/09/22,20:00:00,FCV Dender EH,1611,RAEC M,44,FCV Dender EH,74',0,3,False,2007,7,79922
2007/09/22,20:00:00,FC Brussel,1,STVV,None,FC Brussel,76',1,0,True,2007,7,79923
2007/09/22,20:00:00,FC Brussel,1,STVV,None,FC Brussel,88',2,0,True,2007,7,79923
2007/09/22,20:00:00,FC Brussel,1,STVV,None,FC Brussel,89',2,0,False,2007,7,79923
2007/09/22,20:00:00,KAA Gent,7,KSVRoe,None,KSVRoe,4',0,1,True,2007,7,79924
2007/09/22,20:00:00,KAA Gent,7,KSVRoe,None,KAA Gent,38',1,1,True,2007,7,79924
2007/09/22,20:00:00,Exc. Mouscron,None,LOK,801,Exc. Mouscron,6',1,0,True,2007,7,79926
2007/09/22,20:00:00,Exc. Mouscron,None,LOK,801,Exc. Mouscron,53',1,0,False,2007,7,79926
2007/09/22,20:00:00,Exc. Mouscron,None,LOK,801,LOK,54',1,0,False,2007,7,79926
2007/09/22,20:00:00,Exc. Mouscron,None,LOK,801,Exc. Mouscron,76',2,0,True,2007,7,79926
2007/09/22,20:00:00,Zulte Waregem,2159,KVM,None,Zulte Waregem,73',1,0,True,2007,7,79928
2007/09/22,20:00:00,Zulte Waregem,2159,KVM,None,Zulte Waregem,80',2,0,True,2007,7,79928
2007/09/23,18:00:00,R Charleroi SC,29,FCB,253,R Charleroi SC,51',1,0,True,2007,7,79921
2007/09/23,18:00:00,R Charleroi SC,29,FCB,253,R Charleroi SC,80',1,0,False,2007,7,79921
2007/09/23,18:00:00,R Charleroi SC,29,FCB,253,FCB,82',1,1,True,2007,7,79921
2007/09/23,20:30:00,KRC Genk,290,RSCA,None,KRC Genk,78',1,0,True,2007,7,79925
2007/09/23,20:30:00,KRC Genk,290,RSCA,None,RSCA,87',1,1,True,2007,7,79925
2007/09/24,20:30:00,Standard Luik,16,KVCWes,None,Standard Luik,1',1,0,True,2007,7,79927
2007/09/24,20:30:00,Standard Luik,16,KVCWes,None,Standard Luik,19',2,0,True,2007,7,79927
2007/09/24,20:30:00,Standard Luik,16,KVCWes,None,Standard Luik,44',2,0,False,2007,7,79927
2007/09/24,20:30:00,Standard Luik,16,KVCWes,None,KVCWes,78',2,1,True,2007,7,79927
2007/09/28,20:30:00,RAEC Mons,44,Genk,290,Genk,5',0,1,True,2007,8,79934
2007/09/28,20:30:00,RAEC Mons,44,Genk,290,RAEC Mons,56',0,1,False,2007,8,79934
2007/09/28,20:30:00,RAEC Mons,44,Genk,290,RAEC Mons,72',1,1,True,2007,8,79934
2007/09/29,20:00:00,RSC Anderlecht,35,RCSC,None,RCSC,45',0,1,True,2007,8,79929
2007/09/29,20:00:00,Club Brugge,3,Mous,376,Club Brugge,62',1,0,True,2007,8,79930
2007/09/29,20:00:00,KSC Lokeren,201,FCB,253,KSC Lokeren,66',1,0,False,2007,8,79932
2007/09/29,20:00:00,KSC Lokeren,201,FCB,253,FCB,67',0,1,True,2007,8,79932
2007/09/29,20:00:00,KSV Roeselare,134,Zulte,622,Zulte,10',0,1,True,2007,8,79935
2007/09/29,20:00:00,KSV Roeselare,134,Zulte,622,KSV Roeselare,17',1,1,True,2007,8,79935
2007/09/29,20:00:00,KSV Roeselare,134,Zulte,622,Zulte,60',1,2,True,2007,8,79935
2007/09/29,20:00:00,KSV Roeselare,134,Zulte,622,KSV Roeselare,70',2,2,True,2007,8,79935
2007/09/29,20:00:00,KSV Roeselare,134,Zulte,622,Zulte,75',2,2,False,2007,8,79935
2007/09/29,20:00:00,KSV Roeselare,134,Zulte,622,KSV Roeselare,83',3,2,True,2007,8,79935
2007/09/29,20:00:00,KVC Westerlo,867,Cercle,12,Cercle,14',0,1,True,2007,8,79937
2007/09/29,20:00:00,KVC Westerlo,867,Cercle,12,KVC Westerlo,78',1,1,True,2007,8,79937
2007/09/30,18:00:00,KV Mechelen,25,FCVDEH,None,FCVDEH,15',0,1,True,2007,8,79933
2007/09/30,18:00:00,KV Mechelen,25,FCVDEH,None,KV Mechelen,25',1,1,True,2007,8,79933
2007/09/30,18:00:00,KV Mechelen,25,FCVDEH,None,FCVDEH,40',1,2,True,2007,8,79933
2007/09/30,18:00:00,KV Mechelen,25,FCVDEH,None,KV Mechelen,75',2,2,True,2007,8,79933
2007/09/30,20:30:00,Germ. Beerschot,155,Gent,7,Gent,29',0,1,True,2007,8,79931
2007/09/30,20:30:00,Germ. Beerschot,155,Gent,7,Gent,40',0,2,True,2007,8,79931
2007/09/30,20:30:00,Germ. Beerschot,155,Gent,7,Germ. Beerschot,75',1,2,True,2007,8,79931
2007/09/30,20:30:00,Germ. Beerschot,155,Gent,7,Gent,85',1,2,False,2007,8,79931
2007/09/30,20:30:00,Germ. Beerschot,155,Gent,7,Germ. Beerschot,87',2,2,True,2007,8,79931
2007/10/05,20:30:00,R Charleroi SC,29,Mous,376,R Charleroi SC,1',1,0,True,2007,9,79939
2007/10/05,20:30:00,R Charleroi SC,29,Mous,376,Mous,39',1,1,True,2007,9,79939
2007/10/05,20:30:00,R Charleroi SC,29,Mous,376,Mous,68',1,2,True,2007,9,79939
2007/10/05,20:30:00,R Charleroi SC,29,Mous,376,Mous,83',1,3,True,2007,9,79939
2007/10/06,20:00:00,Cercle Brugge,12,STVV,None,STVV,14',0,1,True,2007,9,79938
2007/10/06,20:00:00,Cercle Brugge,12,STVV,None,Cercle Brugge,15',1,1,True,2007,9,79938
2007/10/06,20:00:00,Cercle Brugge,12,STVV,None,Cercle Brugge,30',2,1,True,2007,9,79938
2007/10/06,20:00:00,Cercle Brugge,12,STVV,None,Cercle Brugge,67',3,1,True,2007,9,79938
2007/10/06,20:00:00,Cercle Brugge,12,STVV,None,Cercle Brugge,69',4,1,True,2007,9,79938
2007/10/06,20:00:00,Cercle Brugge,12,STVV,None,Cercle Brugge,72',5,1,True,2007,9,79938
2007/10/06,20:00:00,FCV Dender EH,1611,LOK,801,LOK,53',0,1,True,2007,9,79940
2007/10/06,20:00:00,FCV Dender EH,1611,LOK,801,LOK,89',0,1,False,2007,9,79940
2007/10/06,20:00:00,KAA Gent,7,KVCWes,None,KAA Gent,19',1,0,True,2007,9,79942
2007/10/06,20:00:00,KAA Gent,7,KVCWes,None,KVCWes,89',1,1,True,2007,9,79942
2007/10/06,20:00:00,KRC Genk,290,KVM,None,KRC Genk,40',1,0,True,2007,9,79943
2007/10/06,20:00:00,KRC Genk,290,KVM,None,KRC Genk,68',2,0,True,2007,9,79943
2007/10/06,20:00:00,KRC Genk,290,KVM,None,KVM,79',2,1,True,2007,9,79943
2007/10/06,20:00:00,Zulte Waregem,2159,RAEC M,44,Zulte Waregem,17',1,0,True,2007,9,79946
2007/10/06,20:00:00,Zulte Waregem,2159,RAEC M,44,Zulte Waregem,76',2,0,True,2007,9,79946
2007/10/06,20:00:00,Zulte Waregem,2159,RAEC M,44,RAEC M,80',2,1,True,2007,9,79946
2007/10/06,20:00:00,Zulte Waregem,2159,RAEC M,44,Zulte Waregem,88',2,1,False,2007,9,79946
2007/10/07,18:00:00,Standard Luik,16,GBA,None,GBA,20',0,1,True,2007,9,79945
2007/10/07,18:00:00,Standard Luik,16,GBA,None,Standard Luik,28',1,1,True,2007,9,79945
2007/10/07,18:00:00,Standard Luik,16,GBA,None,Standard Luik,35',2,1,True,2007,9,79945
2007/10/07,18:00:00,Standard Luik,16,GBA,None,Standard Luik,43',3,1,True,2007,9,79945
2007/10/07,20:30:00,FC Brussel,1,FCB,253,FCB,11',0,1,True,2007,9,79941
2007/10/07,20:30:00,FC Brussel,1,FCB,253,FCB,33',0,2,True,2007,9,79941
2007/10/07,20:30:00,FC Brussel,1,FCB,253,FCB,43',0,3,True,2007,9,79941
2007/10/07,20:30:00,FC Brussel,1,FCB,253,FC Brussel,89',1,3,True,2007,9,79941
2007/10/07,20:30:00,KSV Roeselare,134,RSCA,None,KSV Roeselare,30',1,0,True,2007,9,79944
2007/10/07,20:30:00,KSV Roeselare,134,RSCA,None,KSV Roeselare,61',2,0,True,2007,9,79944
2007/10/07,20:30:00,KSV Roeselare,134,RSCA,None,RSCA,78',2,1,True,2007,9,79944
2007/10/07,20:30:00,KSV Roeselare,134,RSCA,None,RSCA,90+2',2,2,True,2007,9,79944
2007/10/20,20:00:00,Club Brugge,3,FCVDEH,None,Club Brugge,57',1,0,True,2007,10,79948
2007/10/20,20:00:00,Club Brugge,3,FCVDEH,None,Club Brugge,69',2,0,True,2007,10,79948
2007/10/20,20:00:00,Germ. Beerschot,155,FCB,253,Germ. Beerschot,22',1,0,True,2007,10,79949
2007/10/20,20:00:00,Germ. Beerschot,155,FCB,253,Germ. Beerschot,81',2,0,True,2007,10,79949
2007/10/20,20:00:00,Germ. Beerschot,155,FCB,253,Germ. Beerschot,86',3,0,True,2007,10,79949
2007/10/20,20:00:00,KSC Lokeren,201,RCSC,None,KSC Lokeren,87',1,0,True,2007,10,79950
2007/10/20,20:00:00,KV Mechelen,25,Cercle,12,KV Mechelen,21',1,0,False,2007,10,79951
2007/10/20,20:00:00,KV Mechelen,25,Cercle,12,Cercle,24',0,1,True,2007,10,79951
2007/10/20,20:00:00,KV Mechelen,25,Cercle,12,Cercle,48',0,2,True,2007,10,79951
2007/10/20,20:00:00,KV Mechelen,25,Cercle,12,Cercle,51',0,3,True,2007,10,79951
2007/10/20,20:00:00,KV Mechelen,25,Cercle,12,Cercle,87',0,4,True,2007,10,79951
2007/10/20,20:00:00,Exc. Mouscron,None,Genk,290,Genk,45',0,1,True,2007,10,79952
2007/10/20,20:00:00,Exc. Mouscron,None,Genk,290,Exc. Mouscron,67',1,1,True,2007,10,79952
2007/10/20,20:00:00,St-Truidense VV,322,Zulte,622,Zulte,3',0,1,True,2007,10,79954
2007/10/20,20:00:00,St-Truidense VV,322,Zulte,622,St-Truidense VV,38',1,1,True,2007,10,79954
2007/10/20,20:00:00,St-Truidense VV,322,Zulte,622,St-Truidense VV,80',2,1,True,2007,10,79954
2007/10/20,20:00:00,KVC Westerlo,867,KSVRoe,None,KVC Westerlo,1',1,0,True,2007,10,79955
2007/10/20,20:00:00,KVC Westerlo,867,KSVRoe,None,KVC Westerlo,10',2,0,True,2007,10,79955
2007/10/20,20:00:00,KVC Westerlo,867,KSVRoe,None,KSVRoe,36',2,0,False,2007,10,79955
2007/10/20,20:00:00,KVC Westerlo,867,KSVRoe,None,KVC Westerlo,51',3,0,True,2007,10,79955
2007/10/20,20:00:00,KVC Westerlo,867,KSVRoe,None,KVC Westerlo,69',4,0,True,2007,10,79955
2007/10/20,20:00:00,KVC Westerlo,867,KSVRoe,None,KVC Westerlo,87',5,0,True,2007,10,79955
2007/10/20,20:00:00,KVC Westerlo,867,KSVRoe,None,KVC Westerlo,89',6,0,True,2007,10,79955
2007/10/21,18:00:00,RAEC Mons,44,SL,231,SL,48',0,1,True,2007,10,79953
2007/10/21,18:00:00,RAEC Mons,44,SL,231,RAEC Mons,87',1,1,True,2007,10,79953
2007/10/21,20:30:00,RSC Anderlecht,35,Gent,7,RSC Anderlecht,14',1,0,True,2007,10,79947
2007/10/21,20:30:00,RSC Anderlecht,35,Gent,7,RSC Anderlecht,44',2,0,True,2007,10,79947
2007/10/21,20:30:00,RSC Anderlecht,35,Gent,7,Gent,46',2,1,True,2007,10,79947
2007/10/26,20:30:00,KAA Gent,7,RAEC M,44,KAA Gent,15',1,0,True,2007,11,79959
2007/10/26,20:30:00,KAA Gent,7,RAEC M,44,KAA Gent,34',2,0,True,2007,11,79959
2007/10/27,20:00:00,FCV Dender EH,1611,Mous,376,Mous,3',0,1,True,2007,11,79957
2007/10/27,20:00:00,FCV Dender EH,1611,Mous,376,Mous,52',0,2,True,2007,11,79957
2007/10/27,20:00:00,FCV Dender EH,1611,Mous,376,Mous,85',0,3,True,2007,11,79957
2007/10/27,20:00:00,FC Brussel,1,RCSC,None,RCSC,33',0,1,True,2007,11,79958
2007/10/27,20:00:00,FC Brussel,1,RCSC,None,FC Brussel,39',1,1,True,2007,11,79958
2007/10/27,20:00:00,FC Brussel,1,RCSC,None,RCSC,46',1,2,True,2007,11,79958
2007/10/27,20:00:00,KSV Roeselare,134,STVV,None,KSV Roeselare,17',1,0,True,2007,11,79961
2007/10/27,20:00:00,KSV Roeselare,134,STVV,None,KSV Roeselare,90',2,0,True,2007,11,79961
2007/10/27,20:00:00,Standard Luik,16,KVM,None,KVM,4',0,1,True,2007,11,79962
2007/10/27,20:00:00,Standard Luik,16,KVM,None,Standard Luik,30',1,1,True,2007,11,79962
2007/10/27,20:00:00,Standard Luik,16,KVM,None,Standard Luik,49',2,1,True,2007,11,79962
2007/10/27,20:00:00,Standard Luik,16,KVM,None,KVM,50',2,2,True,2007,11,79962
2007/10/27,20:00:00,KVC Westerlo,867,GBA,None,KVC Westerlo,44',1,0,True,2007,11,79963
2007/10/27,20:00:00,KVC Westerlo,867,GBA,None,GBA,60',1,1,True,2007,11,79963
2007/10/27,20:00:00,KVC Westerlo,867,GBA,None,GBA,89',1,2,True,2007,11,79963
2007/10/27,20:00:00,Zulte Waregem,2159,LOK,801,Zulte Waregem,43',1,0,True,2007,11,79964
2007/10/27,20:00:00,Zulte Waregem,2159,LOK,801,LOK,57',1,1,True,2007,11,79964
2007/10/27,20:00:00,Zulte Waregem,2159,LOK,801,Zulte Waregem,57',1,1,False,2007,11,79964
2007/10/28,21:30:00,KRC Genk,290,FCB,253,FCB,39',0,1,True,2007,11,79960
2007/10/28,21:30:00,KRC Genk,290,FCB,253,KRC Genk,49',1,1,True,2007,11,79960
2007/10/28,21:30:00,KRC Genk,290,FCB,253,FCB,56',1,2,True,2007,11,79960
2007/11/03,21:00:00,RSC Anderlecht,35,KVCWes,None,RSC Anderlecht,20',1,0,True,2007,12,79965
2007/11/03,21:00:00,RSC Anderlecht,35,KVCWes,None,KVCWes,38',1,1,True,2007,12,79965
2007/11/03,21:00:00,RSC Anderlecht,35,KVCWes,None,RSC Anderlecht,56',2,1,True,2007,12,79965
2007/11/03,21:00:00,RSC Anderlecht,35,KVCWes,None,RSC Anderlecht,88',3,1,True,2007,12,79965
2007/11/03,21:00:00,R Charleroi SC,29,FCVDEH,None,R Charleroi SC,63',1,0,True,2007,12,79966
2007/11/03,21:00:00,Club Brugge,3,Zulte,622,Club Brugge,33',1,0,True,2007,12,79967
2007/11/03,21:00:00,Germ. Beerschot,155,KSVRoe,None,Germ. Beerschot,25',1,0,True,2007,12,79968
2007/11/03,21:00:00,Germ. Beerschot,155,KSVRoe,None,Germ. Beerschot,52',2,0,True,2007,12,79968
2007/11/03,21:00:00,RAEC Mons,44,Cercle,12,Cercle,4',0,1,True,2007,12,79972
2007/11/03,21:00:00,RAEC Mons,44,Cercle,12,RAEC Mons,43',0,1,False,2007,12,79972
2007/11/03,21:00:00,RAEC Mons,44,Cercle,12,Cercle,89',0,2,True,2007,12,79972
2007/11/03,21:00:00,St-Truidense VV,322,Gent,7,Gent,63',0,1,True,2007,12,79973
2007/11/03,21:00:00,St-Truidense VV,322,Gent,7,St-Truidense VV,65',1,1,True,2007,12,79973
2007/11/03,21:00:00,St-Truidense VV,322,Gent,7,St-Truidense VV,89',2,1,True,2007,12,79973
2007/11/04,19:00:00,KV Mechelen,25,FCB,253,KV Mechelen,35',1,0,True,2007,12,79970
2007/11/04,19:00:00,KV Mechelen,25,FCB,253,KV Mechelen,38',2,0,True,2007,12,79970
2007/11/04,19:00:00,KV Mechelen,25,FCB,253,KV Mechelen,67',3,0,True,2007,12,79970
2007/11/04,19:00:00,KV Mechelen,25,FCB,253,KV Mechelen,74',4,0,True,2007,12,79970
2007/11/04,21:30:00,KSC Lokeren,201,Genk,290,KSC Lokeren,3',1,0,True,2007,12,79969
2007/11/04,21:30:00,KSC Lokeren,201,Genk,290,Genk,73',1,0,False,2007,12,79969
2007/11/04,21:30:00,KSC Lokeren,201,Genk,290,Genk,83',1,1,True,2007,12,79969
2007/11/09,20:30:00,Cercle Brugge,12,FCB,253,FCB,41',0,1,True,2007,13,79974
2007/11/09,20:30:00,Cercle Brugge,12,FCB,253,Cercle Brugge,45',1,1,True,2007,13,79974
2007/11/09,20:30:00,Cercle Brugge,12,FCB,253,FCB,53',1,2,True,2007,13,79974
2007/11/10,20:00:00,FC Brussel,1,FCVDEH,None,FC Brussel,44',1,0,True,2007,13,79975
2007/11/10,20:00:00,FC Brussel,1,FCVDEH,None,FC Brussel,46',2,0,True,2007,13,79975
2007/11/10,20:00:00,FC Brussel,1,FCVDEH,None,FC Brussel,70',3,0,True,2007,13,79975
2007/11/10,20:00:00,FC Brussel,1,FCVDEH,None,FCVDEH,78',3,1,True,2007,13,79975
2007/11/10,20:00:00,FC Brussel,1,FCVDEH,None,FC Brussel,83',4,1,True,2007,13,79975
2007/11/10,20:00:00,KRC Genk,290,RCSC,None,KRC Genk,38',1,0,True,2007,13,79978
2007/11/10,20:00:00,KRC Genk,290,RCSC,None,KRC Genk,71',1,0,False,2007,13,79978
2007/11/10,20:00:00,KVC Westerlo,867,STVV,None,KVC Westerlo,57',1,0,True,2007,13,79981
2007/11/10,20:00:00,KVC Westerlo,867,STVV,None,KVC Westerlo,83',2,0,True,2007,13,79981
2007/11/10,20:00:00,Zulte Waregem,2159,Mous,376,Zulte Waregem,17',1,0,True,2007,13,79982
2007/11/10,20:00:00,Zulte Waregem,2159,Mous,376,Zulte Waregem,19',2,0,True,2007,13,79982
2007/11/10,20:00:00,Zulte Waregem,2159,Mous,376,Mous,55',2,0,False,2007,13,79982
2007/11/10,20:00:00,Zulte Waregem,2159,Mous,376,Mous,69',2,1,True,2007,13,79982
2007/11/10,21:00:00,Standard Luik,16,LOK,801,Standard Luik,24',1,0,True,2007,13,79980
2007/11/11,18:00:00,KAA Gent,7,KVM,None,KVM,16',0,1,True,2007,13,79976
2007/11/11,18:00:00,KAA Gent,7,KVM,None,KAA Gent,32',1,1,True,2007,13,79976
2007/11/11,18:00:00,KAA Gent,7,KVM,None,KAA Gent,33',2,1,True,2007,13,79976
2007/11/11,18:00:00,KAA Gent,7,KVM,None,KAA Gent,44',3,1,True,2007,13,79976
2007/11/11,18:00:00,KAA Gent,7,KVM,None,KAA Gent,60',4,1,True,2007,13,79976
2007/11/11,20:30:00,Germ. Beerschot,155,RSCA,None,Germ. Beerschot,19',1,0,True,2007,13,79977
2007/11/11,20:30:00,Germ. Beerschot,155,RSCA,None,Germ. Beerschot,66',1,0,False,2007,13,79977
2007/11/11,20:30:00,Germ. Beerschot,155,RSCA,None,Germ. Beerschot,77',2,0,True,2007,13,79977
2007/11/12,20:30:00,KSV Roeselare,134,RAEC M,44,RAEC M,16',0,1,True,2007,13,79979
2007/11/12,20:30:00,KSV Roeselare,134,RAEC M,44,KSV Roeselare,20',1,1,True,2007,13,79979
2007/11/12,20:30:00,KSV Roeselare,134,RAEC M,44,KSV Roeselare,34',2,1,True,2007,13,79979
2007/11/12,20:30:00,KSV Roeselare,134,RAEC M,44,RAEC M,60',2,2,True,2007,13,79979
2007/11/12,20:30:00,KSV Roeselare,134,RAEC M,44,RAEC M,73',2,3,True,2007,13,79979
2007/11/12,20:30:00,KSV Roeselare,134,RAEC M,44,KSV Roeselare,78',3,3,True,2007,13,79979
2007/11/12,20:30:00,KSV Roeselare,134,RAEC M,44,KSV Roeselare,82',4,3,True,2007,13,79979
2007/12/01,20:00:00,R Charleroi SC,29,Zulte,622,Zulte,3',0,1,True,2007,14,79984
2007/12/01,20:00:00,R Charleroi SC,29,Zulte,622,R Charleroi SC,22',1,1,True,2007,14,79984
2007/12/01,20:00:00,R Charleroi SC,29,Zulte,622,Zulte,36',1,2,True,2007,14,79984
2007/12/01,20:00:00,R Charleroi SC,29,Zulte,622,Zulte,58',1,3,True,2007,14,79984
2007/12/01,20:00:00,R Charleroi SC,29,Zulte,622,R Charleroi SC,65',2,3,True,2007,14,79984
2007/12/01,20:00:00,KSC Lokeren,201,Cercle,12,KSC Lokeren,30',1,0,True,2007,14,79987
2007/12/01,20:00:00,KSC Lokeren,201,Cercle,12,Cercle,78',1,1,True,2007,14,79987
2007/12/01,20:00:00,KV Mechelen,25,KSVRoe,None,KV Mechelen,18',1,0,True,2007,14,79988
2007/12/01,20:00:00,KV Mechelen,25,KSVRoe,None,KSVRoe,23',1,1,True,2007,14,79988
2007/12/01,20:00:00,KV Mechelen,25,KSVRoe,None,KV Mechelen,33',2,1,True,2007,14,79988
2007/12/01,20:00:00,KV Mechelen,25,KSVRoe,None,KSVRoe,40',2,1,False,2007,14,79988
2007/12/01,20:00:00,KV Mechelen,25,KSVRoe,None,KV Mechelen,43',3,1,True,2007,14,79988
2007/12/01,20:00:00,KV Mechelen,25,KSVRoe,None,KSVRoe,58',3,2,True,2007,14,79988
2007/12/01,20:00:00,KV Mechelen,25,KSVRoe,None,KV Mechelen,68',4,2,True,2007,14,79988
2007/12/01,20:00:00,KV Mechelen,25,KSVRoe,None,KSVRoe,69',4,3,True,2007,14,79988
2007/12/01,20:00:00,Exc. Mouscron,None,FCB,253,Exc. Mouscron,71',1,0,True,2007,14,79989
2007/12/01,20:00:00,Exc. Mouscron,None,FCB,253,FCB,85',1,1,True,2007,14,79989
2007/12/01,20:00:00,RAEC Mons,44,KVCWes,None,KVCWes,5',0,1,True,2007,14,79990
2007/12/01,20:00:00,RAEC Mons,44,KVCWes,None,KVCWes,49',0,2,True,2007,14,79990
2007/12/01,20:00:00,RAEC Mons,44,KVCWes,None,KVCWes,67',0,3,True,2007,14,79990
2007/12/01,20:00:00,RAEC Mons,44,KVCWes,None,RAEC Mons,82',1,3,True,2007,14,79990
2007/12/01,20:00:00,St-Truidense VV,322,GBA,None,GBA,57',0,1,True,2007,14,79991
2007/12/01,20:00:00,St-Truidense VV,322,GBA,None,GBA,74',0,2,True,2007,14,79991
2007/12/01,20:00:00,St-Truidense VV,322,GBA,None,GBA,89',0,3,True,2007,14,79991
2007/12/02,18:00:00,FCV Dender EH,1611,Genk,290,FCV Dender EH,41',1,0,True,2007,14,79986
2007/12/02,18:00:00,FCV Dender EH,1611,Genk,290,FCV Dender EH,63',2,0,True,2007,14,79986
2007/12/02,20:30:00,Club Brugge,3,Gent,7,Club Brugge,31',2,0,False,2007,14,79985
2007/12/02,20:30:00,Club Brugge,3,Gent,7,Gent,76',2,0,False,2007,14,79985
2007/12/07,20:30:00,Standard Luik,16,RCSC,None,Standard Luik,23',1,0,True,2007,15,79998
2007/12/07,20:30:00,Standard Luik,16,RCSC,None,Standard Luik,27',2,0,True,2007,15,79998
2007/12/07,20:30:00,Standard Luik,16,RCSC,None,Standard Luik,36',3,0,True,2007,15,79998
2007/12/07,20:30:00,Standard Luik,16,RCSC,None,Standard Luik,48',4,0,True,2007,15,79998
2007/12/07,20:30:00,Standard Luik,16,RCSC,None,Standard Luik,56',5,0,True,2007,15,79998
2007/12/07,20:30:00,Standard Luik,16,RCSC,None,RCSC,65',5,1,True,2007,15,79998
2007/12/08,20:00:00,Cercle Brugge,12,Mous,376,Cercle Brugge,26',1,0,True,2007,15,79992
2007/12/08,20:00:00,Cercle Brugge,12,Mous,376,Cercle Brugge,44',2,0,True,2007,15,79992
2007/12/08,20:00:00,Cercle Brugge,12,Mous,376,Cercle Brugge,85',3,0,True,2007,15,79992
2007/12/08,20:00:00,KAA Gent,7,LOK,801,KAA Gent,22',1,0,True,2007,15,79994
2007/12/08,20:00:00,KAA Gent,7,LOK,801,LOK,52',1,1,True,2007,15,79994
2007/12/08,20:00:00,KAA Gent,7,LOK,801,KAA Gent,68',2,1,True,2007,15,79994
2007/12/08,20:00:00,KAA Gent,7,LOK,801,KAA Gent,72',3,1,True,2007,15,79994
2007/12/08,20:00:00,KAA Gent,7,LOK,801,KAA Gent,82',4,1,True,2007,15,79994
2007/12/08,20:00:00,KAA Gent,7,LOK,801,LOK,89',4,2,True,2007,15,79994
2007/12/08,20:00:00,Germ. Beerschot,155,RAEC M,44,Germ. Beerschot,68',1,0,True,2007,15,79995
2007/12/08,20:00:00,Germ. Beerschot,155,RAEC M,44,Germ. Beerschot,85',2,0,True,2007,15,79995
2007/12/08,20:00:00,KVC Westerlo,867,KVM,None,KVM,10',0,1,True,2007,15,79999
2007/12/08,20:00:00,KVC Westerlo,867,KVM,None,KVC Westerlo,76',1,1,True,2007,15,79999
2007/12/08,20:00:00,Zulte Waregem,2159,FCVDEH,None,Zulte Waregem,8',1,0,True,2007,15,80000
2007/12/08,20:00:00,Zulte Waregem,2159,FCVDEH,None,FCVDEH,72',1,1,True,2007,15,80000
2007/12/08,20:00:00,Zulte Waregem,2159,FCVDEH,None,FCVDEH,90+1',1,2,True,2007,15,80000
2007/12/09,18:00:00,KSV Roeselare,134,FCB,253,KSV Roeselare,5',1,0,True,2007,15,79996
2007/12/09,18:00:00,KSV Roeselare,134,FCB,253,FCB,73',1,1,True,2007,15,79996
2007/12/09,18:00:00,KSV Roeselare,134,FCB,253,FCB,87',1,2,True,2007,15,79996
2007/12/09,20:30:00,St-Truidense VV,322,RSCA,None,St-Truidense VV,25',1,0,True,2007,15,79997
2007/12/09,20:30:00,St-Truidense VV,322,RSCA,None,RSCA,29',1,1,True,2007,15,79997
2007/12/09,20:30:00,St-Truidense VV,322,RSCA,None,RSCA,32',1,2,True,2007,15,79997
2007/12/09,20:30:00,St-Truidense VV,322,RSCA,None,St-Truidense VV,38',2,2,True,2007,15,79997
2007/12/09,20:30:00,St-Truidense VV,322,RSCA,None,RSCA,44',2,3,True,2007,15,79997
2007/12/09,20:30:00,St-Truidense VV,322,RSCA,None,St-Truidense VV,85',3,3,True,2007,15,79997
2007/12/09,20:30:00,St-Truidense VV,322,RSCA,None,St-Truidense VV,90',4,3,True,2007,15,79997
2007/12/14,20:30:00,KRC Genk,290,Zulte,622,KRC Genk,7',1,0,True,2007,16,80005
2007/12/14,20:30:00,KRC Genk,290,Zulte,622,Zulte,33',1,1,True,2007,16,80005
2007/12/14,20:30:00,KRC Genk,290,Zulte,622,Zulte,44',1,2,True,2007,16,80005
2007/12/14,20:30:00,KRC Genk,290,Zulte,622,KRC Genk,47',2,2,True,2007,16,80005
2007/12/14,20:30:00,KRC Genk,290,Zulte,622,KRC Genk,61',3,2,True,2007,16,80005
2007/12/14,20:30:00,KRC Genk,290,Zulte,622,KRC Genk,65',4,2,True,2007,16,80005
2007/12/14,20:30:00,KRC Genk,290,Zulte,622,KRC Genk,74',5,2,True,2007,16,80005
2007/12/15,20:00:00,KV Mechelen,25,GBA,None,GBA,12',0,1,True,2007,16,80007
2007/12/15,20:00:00,KV Mechelen,25,GBA,None,KV Mechelen,25',1,1,True,2007,16,80007
2007/12/15,20:00:00,KV Mechelen,25,GBA,None,GBA,52',1,2,True,2007,16,80007
2007/12/15,20:00:00,Exc. Mouscron,None,KSVRoe,None,KSVRoe,39',0,1,True,2007,16,80008
2007/12/15,20:00:00,Exc. Mouscron,None,KSVRoe,None,KSVRoe,43',0,2,True,2007,16,80008
2007/12/15,20:00:00,Exc. Mouscron,None,KSVRoe,None,Exc. Mouscron,68',1,2,True,2007,16,80008
2007/12/15,20:00:00,Exc. Mouscron,None,KSVRoe,None,KSVRoe,86',1,3,True,2007,16,80008
2007/12/15,20:00:00,FC Brussel,1,Cercle,12,Cercle,13',0,1,True,2007,16,80004
2007/12/15,20:00:00,FC Brussel,1,Cercle,12,Cercle,20',0,2,True,2007,16,80004
2007/12/15,20:00:00,FC Brussel,1,Cercle,12,Cercle,24',0,3,True,2007,16,80004
2007/12/15,20:00:00,FC Brussel,1,Cercle,12,FC Brussel,55',1,3,True,2007,16,80004
2007/12/15,20:00:00,FC Brussel,1,Cercle,12,Cercle,77',1,4,True,2007,16,80004
2007/12/15,20:00:00,KSC Lokeren,201,KVCWes,None,KSC Lokeren,9',1,0,True,2007,16,80006
2007/12/15,20:00:00,KSC Lokeren,201,KVCWes,None,KVCWes,70',1,1,True,2007,16,80006
2007/12/16,13:00:00,Club Brugge,3,RSCA,None,Club Brugge,69',1,0,True,2007,16,80002
2007/12/16,18:00:00,R Charleroi SC,29,Gent,7,Gent,17',0,1,True,2007,16,80001
2007/12/16,18:00:00,R Charleroi SC,29,Gent,7,Gent,54',0,2,True,2007,16,80001
2007/12/16,18:00:00,R Charleroi SC,29,Gent,7,R Charleroi SC,80',1,2,True,2007,16,80001
2007/12/22,20:00:00,RSC Anderlecht,35,RAEC M,44,RSC Anderlecht,15',1,0,True,2007,17,80010
2007/12/22,20:00:00,RSC Anderlecht,35,RAEC M,44,RAEC M,20',1,1,True,2007,17,80010
2007/12/22,20:00:00,RSC Anderlecht,35,RAEC M,44,RSC Anderlecht,34',2,1,True,2007,17,80010
2007/12/22,20:00:00,RSC Anderlecht,35,RAEC M,44,RSC Anderlecht,40',3,1,True,2007,17,80010
2007/12/22,20:00:00,RSC Anderlecht,35,RAEC M,44,RAEC M,55',3,2,True,2007,17,80010
2007/12/22,20:00:00,KAA Gent,7,FCVDEH,None,FCVDEH,5',0,1,True,2007,17,80012
2007/12/22,20:00:00,KAA Gent,7,FCVDEH,None,FCVDEH,19',0,2,True,2007,17,80012
2007/12/22,20:00:00,KAA Gent,7,FCVDEH,None,KAA Gent,33',1,2,True,2007,17,80012
2007/12/22,20:00:00,KAA Gent,7,FCVDEH,None,FCVDEH,47',1,3,True,2007,17,80012
2007/12/22,20:00:00,KAA Gent,7,FCVDEH,None,FCVDEH,61',1,4,True,2007,17,80012
2007/12/22,20:00:00,KAA Gent,7,FCVDEH,None,KAA Gent,68',2,4,True,2007,17,80012
2007/12/22,20:00:00,KAA Gent,7,FCVDEH,None,KAA Gent,85',2,4,False,2007,17,80012
2007/12/22,20:00:00,Germ. Beerschot,155,Mous,376,Germ. Beerschot,8',1,0,True,2007,17,80013
2007/12/22,20:00:00,Germ. Beerschot,155,Mous,376,Germ. Beerschot,43',2,0,True,2007,17,80013
2007/12/22,20:00:00,Germ. Beerschot,155,Mous,376,Germ. Beerschot,69',3,0,True,2007,17,80013
2007/12/22,20:00:00,St-Truidense VV,322,KVM,None,KVM,44',0,1,True,2007,17,80015
2007/12/22,20:00:00,Zulte Waregem,2159,FCB,253,Zulte Waregem,55',1,0,True,2007,17,80018
2007/12/23,18:00:00,Cercle Brugge,12,RCSC,None,Cercle Brugge,26',1,0,True,2007,17,80011
2007/12/23,18:00:00,Cercle Brugge,12,RCSC,None,Cercle Brugge,56',2,0,True,2007,17,80011
2007/12/23,18:00:00,Cercle Brugge,12,RCSC,None,Cercle Brugge,72',3,0,True,2007,17,80011
2007/12/23,18:00:00,Cercle Brugge,12,RCSC,None,RCSC,80',3,1,True,2007,17,80011
2007/12/23,20:30:00,Standard Luik,16,Genk,290,Standard Luik,19',1,0,True,2007,17,80016
2007/12/23,20:30:00,Standard Luik,16,Genk,290,Standard Luik,46',2,0,True,2007,17,80016
2007/12/23,20:30:00,Standard Luik,16,Genk,290,Standard Luik,48',3,0,True,2007,17,80016
2007/12/23,20:30:00,Standard Luik,16,Genk,290,Genk,68',3,1,True,2007,17,80016
2008/01/22,20:30:00,KSV Roeselare,134,LOK,801,KSV Roeselare,12',1,0,True,2007,17,80014
2008/01/22,20:30:00,KSV Roeselare,134,LOK,801,LOK,76',1,1,True,2007,17,80014
2008/01/22,20:30:00,KSV Roeselare,134,LOK,801,LOK,84',1,1,False,2007,17,80014
2008/01/22,20:30:00,KSV Roeselare,134,LOK,801,LOK,87',1,1,False,2007,17,80014
2008/01/18,20:30:00,RAEC Mons,44,FCB,253,FCB,53',0,1,True,2007,18,80023
2008/01/19,20:00:00,RSC Anderlecht,35,KVM,None,KVM,25',1,0,True,2007,18,80019
2008/01/19,20:00:00,Germ. Beerschot,155,FCVDEH,None,Germ. Beerschot,43',1,0,True,2007,18,80022
2008/01/19,20:00:00,KSV Roeselare,134,RCSC,None,KSV Roeselare,21',1,0,True,2007,18,80024
2008/01/19,20:00:00,KSV Roeselare,134,RCSC,None,RCSC,39',1,1,True,2007,18,80024
2008/01/19,20:00:00,KSV Roeselare,134,RCSC,None,RCSC,56',1,2,True,2007,18,80024
2008/01/19,20:00:00,St-Truidense VV,322,LOK,801,LOK,3',0,1,True,2007,18,80025
2008/01/19,20:00:00,St-Truidense VV,322,LOK,801,St-Truidense VV,67',1,1,True,2007,18,80025
2008/01/19,20:00:00,Standard Luik,16,Zulte,622,Standard Luik,24',1,0,True,2007,18,80026
2008/01/19,20:00:00,Standard Luik,16,Zulte,622,Zulte,44',1,1,True,2007,18,80026
2008/01/19,20:00:00,Standard Luik,16,Zulte,622,Standard Luik,59',2,1,True,2007,18,80026
2008/01/19,20:00:00,Standard Luik,16,Zulte,622,Standard Luik,67',3,1,True,2007,18,80026
2008/01/19,20:00:00,KVC Westerlo,867,FCB,253,FCB,1',0,1,True,2007,18,80027
2008/01/19,20:00:00,KVC Westerlo,867,FCB,253,KVC Westerlo,3',1,1,True,2007,18,80027
2008/01/19,20:00:00,KVC Westerlo,867,FCB,253,FCB,6',1,2,True,2007,18,80027
2008/01/19,20:00:00,KVC Westerlo,867,FCB,253,KVC Westerlo,9',2,2,True,2007,18,80027
2008/01/19,20:00:00,KVC Westerlo,867,FCB,253,KVC Westerlo,35',3,2,True,2007,18,80027
2008/01/19,20:00:00,KVC Westerlo,867,FCB,253,KVC Westerlo,38',4,2,True,2007,18,80027
2008/01/19,20:00:00,KVC Westerlo,867,FCB,253,KVC Westerlo,52',5,2,True,2007,18,80027
2008/01/19,20:00:00,KVC Westerlo,867,FCB,253,KVC Westerlo,77',6,2,True,2007,18,80027
2008/01/19,20:00:00,KVC Westerlo,867,FCB,253,KVC Westerlo,89',7,2,True,2007,18,80027
2008/01/20,18:00:00,KAA Gent,7,Mous,376,KAA Gent,14',1,0,True,2007,18,80021
2008/01/20,18:00:00,KAA Gent,7,Mous,376,KAA Gent,64',2,0,True,2007,18,80021
2008/01/20,20:30:00,Cercle Brugge,12,Genk,290,Cercle Brugge,40',1,0,True,2007,18,80020
2008/01/20,20:30:00,Cercle Brugge,12,Genk,290,Cercle Brugge,51',2,0,True,2007,18,80020
2008/01/20,20:30:00,Cercle Brugge,12,Genk,290,Cercle Brugge,60',3,0,True,2007,18,80020
2008/01/20,20:30:00,Cercle Brugge,12,Genk,290,Genk,64',3,1,True,2007,18,80020
2008/01/20,20:30:00,Cercle Brugge,12,Genk,290,Cercle Brugge,67',4,1,True,2007,18,80020
2008/01/20,20:30:00,Cercle Brugge,12,Genk,290,Cercle Brugge,70',5,1,True,2007,18,80020
2008/01/25,20:30:00,Zulte Waregem,2159,Cercle,12,Cercle,37',0,1,True,2007,19,80036
2008/01/25,20:30:00,Zulte Waregem,2159,Cercle,12,Cercle,42',0,2,True,2007,19,80036
2008/01/25,20:30:00,Zulte Waregem,2159,Cercle,12,Cercle,49',0,3,True,2007,19,80036
2008/01/26,20:00:00,R Charleroi SC,29,KVCWes,None,R Charleroi SC,49',1,0,True,2007,19,80028
2008/01/26,20:00:00,R Charleroi SC,29,KVCWes,None,KVCWes,78',1,1,True,2007,19,80028
2008/01/26,20:00:00,Club Brugge,3,GBA,None,Club Brugge,57',1,0,True,2007,19,80029
2008/01/26,20:00:00,Club Brugge,3,GBA,None,Club Brugge,60',2,0,True,2007,19,80029
2008/01/26,20:00:00,Club Brugge,3,GBA,None,Club Brugge,65',3,0,True,2007,19,80029
2008/01/26,20:00:00,Club Brugge,3,GBA,None,GBA,69',3,0,False,2007,19,80029
2008/01/26,20:00:00,FCV Dender EH,1611,KSVRoe,None,FCV Dender EH,25',1,0,True,2007,19,80030
2008/01/26,20:00:00,FCV Dender EH,1611,KSVRoe,None,KSVRoe,43',1,1,True,2007,19,80030
2008/01/26,20:00:00,FCV Dender EH,1611,KSVRoe,None,FCV Dender EH,53',2,1,True,2007,19,80030
2008/01/26,20:00:00,FCV Dender EH,1611,KSVRoe,None,KSVRoe,88',2,1,False,2007,19,80030
2008/01/26,20:00:00,KRC Genk,290,Gent,7,KRC Genk,7',1,0,True,2007,19,80032
2008/01/26,20:00:00,KRC Genk,290,Gent,7,Gent,24',1,1,True,2007,19,80032
2008/01/26,20:00:00,KRC Genk,290,Gent,7,Gent,32',1,2,True,2007,19,80032
2008/01/26,20:00:00,KRC Genk,290,Gent,7,KRC Genk,56',2,2,True,2007,19,80032
2008/01/26,20:00:00,KRC Genk,290,Gent,7,Gent,63',2,2,False,2007,19,80032
2008/01/26,20:00:00,KRC Genk,290,Gent,7,KRC Genk,66',3,2,True,2007,19,80032
2008/01/26,20:00:00,KRC Genk,290,Gent,7,Gent,85',3,3,True,2007,19,80032
2008/01/26,20:00:00,KV Mechelen,25,RAEC M,44,KV Mechelen,41',1,0,True,2007,19,80034
2008/01/26,20:00:00,KV Mechelen,25,RAEC M,44,RAEC M,60',1,0,False,2007,19,80034
2008/01/26,20:00:00,KV Mechelen,25,RAEC M,44,KV Mechelen,62',2,0,True,2007,19,80034
2008/01/27,20:30:00,FC Brussel,1,SL,231,SL,35',0,1,True,2007,19,80031
2008/02/02,20:00:00,RSC Anderlecht,35,FCVDEH,None,RSC Anderlecht,23',1,0,True,2007,20,80037
2008/02/02,20:00:00,KAA Gent,7,FCB,253,FCB,14',1,0,False,2007,20,80039
2008/02/02,20:00:00,KAA Gent,7,FCB,253,KAA Gent,32',1,0,True,2007,20,80039
2008/02/02,20:00:00,KAA Gent,7,FCB,253,KAA Gent,67',1,0,False,2007,20,80039
2008/02/02,20:00:00,KV Mechelen,25,RCSC,None,RCSC,64',1,0,False,2007,20,80041
2008/02/02,20:00:00,KV Mechelen,25,RCSC,None,RCSC,68',1,0,False,2007,20,80041
2008/02/02,20:00:00,KV Mechelen,25,RCSC,None,KV Mechelen,81',1,0,False,2007,20,80041
2008/02/02,20:00:00,KV Mechelen,25,RCSC,None,KV Mechelen,89',1,0,True,2007,20,80041
2008/02/02,20:00:00,RAEC Mons,44,Mous,376,RAEC Mons,72',1,0,True,2007,20,80042
2008/02/02,20:00:00,RAEC Mons,44,Mous,376,RAEC Mons,75',2,0,True,2007,20,80042
2008/02/02,20:00:00,KVC Westerlo,867,Zulte,622,KVC Westerlo,24',1,0,True,2007,20,80045
2008/02/02,20:00:00,KVC Westerlo,867,Zulte,622,Zulte,82',1,1,True,2007,20,80045
2008/02/03,13:00:00,St-Truidense VV,322,FCB,253,FCB,60',1,1,False,2007,20,80044
2008/02/03,13:00:00,St-Truidense VV,322,FCB,253,FCB,67',0,1,True,2007,20,80044
2008/02/03,13:00:00,St-Truidense VV,322,FCB,253,St-Truidense VV,79',1,1,True,2007,20,80044
2008/02/03,18:00:00,Germ. Beerschot,155,LOK,801,LOK,33',0,1,True,2007,20,80040
2008/02/03,18:00:00,Germ. Beerschot,155,LOK,801,Germ. Beerschot,51',1,1,True,2007,20,80040
2008/02/09,20:00:00,R Charleroi SC,29,STVV,None,STVV,5',0,1,True,2007,21,80046
2008/02/09,20:00:00,R Charleroi SC,29,STVV,None,R Charleroi SC,28',1,1,True,2007,21,80046
2008/02/09,20:00:00,Club Brugge,3,KVM,None,Club Brugge,20',1,0,True,2007,21,80047
2008/02/09,20:00:00,Club Brugge,3,KVM,None,Club Brugge,72',2,0,True,2007,21,80047
2008/02/09,20:00:00,Club Brugge,3,KVM,None,KVM,73',2,0,False,2007,21,80047
2008/02/09,20:00:00,FCV Dender EH,1611,Cercle,12,FCV Dender EH,1',1,0,True,2007,21,80048
2008/02/09,20:00:00,FCV Dender EH,1611,Cercle,12,Cercle,45+3',1,1,True,2007,21,80048
2008/02/09,20:00:00,FCV Dender EH,1611,Cercle,12,Cercle,49',1,2,True,2007,21,80048
2008/02/09,20:00:00,FCV Dender EH,1611,Cercle,12,Cercle,75',1,3,True,2007,21,80048
2008/02/09,20:00:00,FCV Dender EH,1611,Cercle,12,FCV Dender EH,78',2,3,True,2007,21,80048
2008/02/09,20:00:00,FCV Dender EH,1611,Cercle,12,FCV Dender EH,86',2,3,False,2007,21,80048
2008/02/09,20:00:00,FCV Dender EH,1611,Cercle,12,Cercle,90+2',2,4,True,2007,21,80048
2008/02/09,20:00:00,FC Brussel,1,RSCA,None,RSCA,2',0,1,True,2007,21,80049
2008/02/09,20:00:00,FC Brussel,1,RSCA,None,RSCA,26',0,2,True,2007,21,80049
2008/02/09,20:00:00,FC Brussel,1,RSCA,None,FC Brussel,43',1,2,True,2007,21,80049
2008/02/09,20:00:00,FC Brussel,1,RSCA,None,RSCA,49',1,3,True,2007,21,80049
2008/02/09,20:00:00,FC Brussel,1,RSCA,None,RSCA,60',1,4,True,2007,21,80049
2008/02/09,20:00:00,FC Brussel,1,RSCA,None,FC Brussel,82',2,4,True,2007,21,80049
2008/02/09,20:00:00,KSC Lokeren,201,RAEC M,44,RAEC M,2',0,1,True,2007,21,80051
2008/02/09,20:00:00,KSC Lokeren,201,RAEC M,44,RAEC M,48',0,2,True,2007,21,80051
2008/02/09,20:00:00,KSC Lokeren,201,RAEC M,44,KSC Lokeren,55',1,2,True,2007,21,80051
2008/02/09,20:00:00,Exc. Mouscron,None,KVCWes,None,KVCWes,20',0,1,True,2007,21,80052
2008/02/09,20:00:00,Exc. Mouscron,None,KVCWes,None,KVCWes,30',0,2,True,2007,21,80052
2008/02/09,20:00:00,Exc. Mouscron,None,KVCWes,None,Exc. Mouscron,60',1,2,True,2007,21,80052
2008/02/10,18:00:00,Zulte Waregem,2159,Gent,7,Zulte Waregem,21',1,0,True,2007,21,80054
2008/02/10,18:00:00,Zulte Waregem,2159,Gent,7,Gent,43',1,0,False,2007,21,80054
2008/02/10,18:00:00,Zulte Waregem,2159,Gent,7,Gent,47',1,1,True,2007,21,80054
2008/02/10,18:00:00,Zulte Waregem,2159,Gent,7,Zulte Waregem,75',2,1,True,2007,21,80054
2008/02/10,20:30:00,KRC Genk,290,GBA,None,GBA,62',0,1,True,2007,21,80050
2008/02/10,20:30:00,KRC Genk,290,GBA,None,KRC Genk,64',1,1,True,2007,21,80050
2008/02/10,20:30:00,KRC Genk,290,GBA,None,GBA,66',1,1,False,2007,21,80050
2008/02/10,20:30:00,KRC Genk,290,GBA,None,GBA,74',1,2,True,2007,21,80050
2008/02/10,20:30:00,KRC Genk,290,GBA,None,GBA,81',1,3,True,2007,21,80050
2008/02/15,20:30:00,KAA Gent,7,Cercle,12,KAA Gent,29',1,0,True,2007,22,80057
2008/02/15,20:30:00,KAA Gent,7,Cercle,12,KAA Gent,54',2,0,True,2007,22,80057
2008/02/15,20:30:00,KAA Gent,7,Cercle,12,Cercle,69',2,1,True,2007,22,80057
2008/02/15,20:30:00,KAA Gent,7,Cercle,12,KAA Gent,89',3,1,True,2007,22,80057
2008/02/15,20:30:00,KAA Gent,7,Cercle,12,Cercle,90+2',3,2,True,2007,22,80057
2008/02/16,20:00:00,KVC Westerlo,867,Genk,290,KVC Westerlo,21',1,0,True,2007,22,80063
2008/02/16,20:00:00,KVC Westerlo,867,Genk,290,Genk,22',1,1,True,2007,22,80063
2008/02/16,20:00:00,KVC Westerlo,867,Genk,290,KVC Westerlo,78',2,1,True,2007,22,80063
2008/02/16,20:00:00,KV Mechelen,25,LOK,801,KV Mechelen,55',1,0,True,2007,22,80059
2008/02/16,20:00:00,KV Mechelen,25,LOK,801,LOK,74',1,1,True,2007,22,80059
2008/02/16,20:00:00,KSV Roeselare,134,FCB,253,KSV Roeselare,21',1,0,True,2007,22,80061
2008/02/16,20:00:00,KSV Roeselare,134,FCB,253,KSV Roeselare,74',2,0,True,2007,22,80061
2008/02/16,20:00:00,St-Truidense VV,322,FCVDEH,None,St-Truidense VV,50',1,0,True,2007,22,80062
2008/02/16,20:00:00,St-Truidense VV,322,FCVDEH,None,FCVDEH,77',1,1,True,2007,22,80062
2008/02/16,20:00:00,St-Truidense VV,322,FCVDEH,None,FCVDEH,87',1,2,True,2007,22,80062
2008/02/17,13:00:00,Club Brugge,3,SL,231,SL,48',0,1,True,2007,22,80056
2008/02/17,13:00:00,Club Brugge,3,SL,231,SL,65',0,2,True,2007,22,80056
2008/02/17,13:00:00,Club Brugge,3,SL,231,Club Brugge,86',1,2,True,2007,22,80056
2008/02/17,18:00:00,RSC Anderlecht,35,Mous,376,RSC Anderlecht,13',1,0,True,2007,22,80055
2008/02/17,18:00:00,RSC Anderlecht,35,Mous,376,RSC Anderlecht,20',2,0,True,2007,22,80055
2008/02/17,18:00:00,RSC Anderlecht,35,Mous,376,Mous,89',2,1,True,2007,22,80055
2008/02/22,20:30:00,KRC Genk,290,STVV,None,STVV,67',0,1,True,2007,23,80068
2008/02/23,20:00:00,Cercle Brugge,12,KSVRoe,None,KSVRoe,69',0,1,False,2007,23,80064
2008/02/23,20:00:00,FCV Dender EH,1611,KVCWes,None,FCV Dender EH,16',1,0,True,2007,23,80066
2008/02/23,20:00:00,FCV Dender EH,1611,KVCWes,None,KVCWes,82',1,0,False,2007,23,80066
2008/02/23,20:00:00,FCV Dender EH,1611,KVCWes,None,FCV Dender EH,90',2,0,True,2007,23,80066
2008/02/23,20:00:00,FC Brussel,1,RAEC M,44,RAEC M,23',0,1,True,2007,23,80067
2008/02/23,20:00:00,FC Brussel,1,RAEC M,44,RAEC M,43',0,1,False,2007,23,80067
2008/02/23,20:00:00,FC Brussel,1,RAEC M,44,FC Brussel,60',0,1,False,2007,23,80067
2008/02/23,20:00:00,FC Brussel,1,RAEC M,44,FC Brussel,90',1,1,True,2007,23,80067
2008/02/23,20:00:00,Exc. Mouscron,None,KVM,None,KVM,10',0,1,True,2007,23,80070
2008/02/24,18:00:00,KSC Lokeren,201,FCB,253,FCB,60',0,1,True,2007,23,80069
2008/02/24,18:00:00,KSC Lokeren,201,FCB,253,KSC Lokeren,89',0,1,False,2007,23,80069
2008/02/24,20:30:00,Zulte Waregem,2159,RSCA,None,Zulte Waregem,14',1,0,True,2007,23,80072
2008/02/24,20:30:00,Zulte Waregem,2159,RSCA,None,RSCA,85',1,0,False,2007,23,80072
2008/02/29,20:30:00,Club Brugge,3,RCSC,None,RCSC,48',0,1,True,2007,24,80074
2008/02/29,20:30:00,Club Brugge,3,RCSC,None,RCSC,90+2',0,2,True,2007,24,80074
2008/03/01,20:00:00,KV Mechelen,25,Zulte,622,KV Mechelen,7',1,0,True,2007,24,80077
2008/03/01,20:00:00,KV Mechelen,25,Zulte,622,Zulte,50',1,0,False,2007,24,80077
2008/03/01,20:00:00,KV Mechelen,25,Zulte,622,KV Mechelen,55',2,0,True,2007,24,80077
2008/03/01,20:00:00,KV Mechelen,25,Zulte,622,Zulte,88',2,1,True,2007,24,80077
2008/03/01,20:00:00,RAEC Mons,44,FCVDEH,None,FCVDEH,15',0,1,True,2007,24,80078
2008/03/01,20:00:00,RAEC Mons,44,FCVDEH,None,FCVDEH,34',0,2,True,2007,24,80078
2008/03/01,20:00:00,RAEC Mons,44,FCVDEH,None,RAEC Mons,42',1,2,True,2007,24,80078
2008/03/01,20:00:00,RAEC Mons,44,FCVDEH,None,RAEC Mons,76',1,2,False,2007,24,80078
2008/03/01,20:00:00,RAEC Mons,44,FCVDEH,None,FCVDEH,86',1,2,False,2007,24,80078
2008/03/01,20:00:00,RAEC Mons,44,FCVDEH,None,RAEC Mons,89',2,2,True,2007,24,80078
2008/03/01,20:00:00,KSV Roeselare,134,Gent,7,Gent,8',2,2,False,2007,24,80079
2008/03/01,20:00:00,KSV Roeselare,134,Gent,7,Gent,67',0,1,True,2007,24,80079
2008/03/01,20:00:00,St-Truidense VV,322,FCB,253,St-Truidense VV,27',1,0,True,2007,24,80080
2008/03/01,20:00:00,St-Truidense VV,322,FCB,253,FCB,73',1,1,True,2007,24,80080
2008/03/01,20:00:00,KVC Westerlo,867,SL,231,KVC Westerlo,3',1,0,True,2007,24,80081
2008/03/01,20:00:00,KVC Westerlo,867,SL,231,SL,63',1,1,True,2007,24,80081
2008/03/01,20:00:00,KVC Westerlo,867,SL,231,SL,76',1,2,True,2007,24,80081
2008/03/01,20:00:00,KVC Westerlo,867,SL,231,SL,80',1,3,True,2007,24,80081
2008/03/02,18:00:00,Germ. Beerschot,155,Cercle,12,Germ. Beerschot,15',1,0,True,2007,24,80075
2008/03/02,18:00:00,Germ. Beerschot,155,Cercle,12,Germ. Beerschot,29',2,0,True,2007,24,80075
2008/03/02,18:00:00,Germ. Beerschot,155,Cercle,12,Germ. Beerschot,79',3,0,True,2007,24,80075
2008/03/02,20:30:00,RSC Anderlecht,35,Genk,290,RSC Anderlecht,4',1,0,True,2007,24,80073
2008/03/07,20:30:00,Standard Luik,16,STVV,None,Standard Luik,31',1,0,True,2007,25,80089
2008/03/07,20:30:00,Standard Luik,16,STVV,None,STVV,42',1,1,True,2007,25,80089
2008/03/07,20:30:00,Standard Luik,16,STVV,None,Standard Luik,44',2,1,True,2007,25,80089
2008/03/08,20:00:00,Zulte Waregem,2159,KSVRoe,None,Zulte Waregem,13',1,0,True,2007,25,80090
2008/03/08,20:00:00,Zulte Waregem,2159,KSVRoe,None,Zulte Waregem,44',2,0,True,2007,25,80090
2008/03/08,20:00:00,Zulte Waregem,2159,KSVRoe,None,KSVRoe,70',2,1,True,2007,25,80090
2008/03/08,20:00:00,Zulte Waregem,2159,KSVRoe,None,Zulte Waregem,90',3,1,True,2007,25,80090
2008/03/08,20:00:00,Cercle Brugge,12,KVCWes,None,Cercle Brugge,6',1,0,True,2007,25,80082
2008/03/08,20:00:00,FCV Dender EH,1611,KVM,None,KVM,16',0,1,True,2007,25,80084
2008/03/08,20:00:00,FCV Dender EH,1611,KVM,None,KVM,77',0,2,True,2007,25,80084
2008/03/08,20:00:00,FCV Dender EH,1611,KVM,None,KVM,80',0,3,True,2007,25,80084
2008/03/08,20:00:00,FC Brussel,1,LOK,801,FC Brussel,11',1,0,True,2007,25,80085
2008/03/08,20:00:00,FC Brussel,1,LOK,801,FC Brussel,43',2,0,True,2007,25,80085
2008/03/08,20:00:00,KRC Genk,290,RAEC M,44,RAEC M,2',0,1,True,2007,25,80087
2008/03/08,20:00:00,KRC Genk,290,RAEC M,44,KRC Genk,4',1,1,True,2007,25,80087
2008/03/08,20:00:00,KRC Genk,290,RAEC M,44,RAEC M,49',1,2,True,2007,25,80087
2008/03/08,20:00:00,Exc. Mouscron,None,FCB,253,Exc. Mouscron,30',1,0,True,2007,25,80088
2008/03/08,20:00:00,Exc. Mouscron,None,FCB,253,Exc. Mouscron,52',2,0,True,2007,25,80088
2008/03/09,18:00:00,KAA Gent,7,GBA,None,KAA Gent,10',1,0,True,2007,25,80086
2008/03/09,18:00:00,KAA Gent,7,GBA,None,GBA,58',1,1,True,2007,25,80086
2008/03/09,18:00:00,KAA Gent,7,GBA,None,KAA Gent,76',2,1,True,2007,25,80086
2008/03/09,20:30:00,R Charleroi SC,29,RSCA,None,RSCA,26',0,1,True,2007,25,80083
2008/03/09,20:30:00,R Charleroi SC,29,RSCA,None,RSCA,39',0,2,True,2007,25,80083
2008/03/14,20:30:00,Germ. Beerschot,155,SL,231,SL,15',0,1,True,2007,26,80093
2008/03/14,20:30:00,Germ. Beerschot,155,SL,231,SL,40',0,2,True,2007,26,80093
2008/03/14,20:30:00,Germ. Beerschot,155,SL,231,Germ. Beerschot,62',1,2,True,2007,26,80093
2008/03/15,20:00:00,RAEC Mons,44,Zulte,622,RAEC Mons,3',1,0,True,2007,26,80097
2008/03/15,20:00:00,RAEC Mons,44,Zulte,622,RAEC Mons,62',2,0,True,2007,26,80097
2008/03/15,20:00:00,RAEC Mons,44,Zulte,622,RAEC Mons,84',3,0,True,2007,26,80097
2008/03/15,20:00:00,KVC Westerlo,867,Gent,7,KVC Westerlo,40',1,0,True,2007,26,80099
2008/03/15,20:00:00,KVC Westerlo,867,Gent,7,KVC Westerlo,68',2,0,True,2007,26,80099
2008/03/15,20:00:00,Club Brugge,3,FCB,253,Club Brugge,62',1,0,True,2007,26,80092
2008/03/15,20:00:00,KSC Lokeren,201,FCVDEH,None,KSC Lokeren,40',1,0,True,2007,26,80094
2008/03/15,20:00:00,Exc. Mouscron,None,RCSC,None,Exc. Mouscron,24',1,0,True,2007,26,80096
2008/03/15,20:00:00,Exc. Mouscron,None,RCSC,None,RCSC,48',1,1,True,2007,26,80096
2008/03/15,20:00:00,Exc. Mouscron,None,RCSC,None,Exc. Mouscron,52',2,1,True,2007,26,80096
2008/03/15,20:00:00,Exc. Mouscron,None,RCSC,None,Exc. Mouscron,59',3,1,True,2007,26,80096
2008/03/16,18:00:00,RSC Anderlecht,35,KSVRoe,None,RSC Anderlecht,14',1,0,True,2007,26,80091
2008/03/16,18:00:00,RSC Anderlecht,35,KSVRoe,None,RSC Anderlecht,16',2,0,True,2007,26,80091
2008/03/16,18:00:00,RSC Anderlecht,35,KSVRoe,None,RSC Anderlecht,36',3,0,True,2007,26,80091
2008/03/16,18:00:00,RSC Anderlecht,35,KSVRoe,None,RSC Anderlecht,54',4,0,True,2007,26,80091
2008/03/16,18:00:00,RSC Anderlecht,35,KSVRoe,None,RSC Anderlecht,86',5,0,True,2007,26,80091
2008/03/16,20:30:00,KV Mechelen,25,Genk,290,Genk,6',0,1,True,2007,26,80095
2008/03/16,20:30:00,KV Mechelen,25,Genk,290,KV Mechelen,11',1,1,True,2007,26,80095
2008/03/16,20:30:00,KV Mechelen,25,Genk,290,Genk,67',1,1,False,2007,26,80095
2008/03/16,20:30:00,KV Mechelen,25,Genk,290,KV Mechelen,70',2,1,True,2007,26,80095
2008/03/16,20:30:00,KV Mechelen,25,Genk,290,KV Mechelen,72',2,1,False,2007,26,80095
2008/03/16,20:30:00,KV Mechelen,25,Genk,290,Genk,78',2,2,True,2007,26,80095
2008/03/21,20:30:00,KRC Genk,290,Mous,376,KRC Genk,22',1,0,True,2007,27,80105
2008/03/21,20:30:00,KRC Genk,290,Mous,376,Mous,36',1,1,True,2007,27,80105
2008/03/21,20:30:00,KRC Genk,290,Mous,376,KRC Genk,88',2,1,True,2007,27,80105
2008/03/21,20:30:00,KRC Genk,290,Mous,376,KRC Genk,89',3,1,True,2007,27,80105
2008/03/22,20:00:00,Cercle Brugge,12,KVM,None,Cercle Brugge,19',1,0,True,2007,27,80100
2008/03/22,20:00:00,Cercle Brugge,12,KVM,None,Cercle Brugge,49',2,0,True,2007,27,80100
2008/03/22,20:00:00,Cercle Brugge,12,KVM,None,KVM,75',2,0,False,2007,27,80100
2008/03/22,20:00:00,Cercle Brugge,12,KVM,None,KVM,76',2,0,False,2007,27,80100
2008/03/22,20:00:00,R Charleroi SC,29,LOK,801,R Charleroi SC,50',1,0,True,2007,27,80101
2008/03/22,20:00:00,FCV Dender EH,1611,FCB,253,FCV Dender EH,75',1,0,True,2007,27,80102
2008/03/22,20:00:00,FC Brussel,1,GBA,None,FC Brussel,40',1,0,True,2007,27,80103
2008/03/22,20:00:00,FC Brussel,1,GBA,None,GBA,63',1,1,True,2007,27,80103
2008/03/22,20:00:00,FC Brussel,1,GBA,None,GBA,65',1,2,True,2007,27,80103
2008/03/22,20:00:00,KSV Roeselare,134,KVCWes,None,KVCWes,78',0,1,True,2007,27,80106
2008/03/22,20:00:00,KSV Roeselare,134,KVCWes,None,KVCWes,87',0,2,True,2007,27,80106
2008/03/22,20:00:00,Zulte Waregem,2159,STVV,None,Zulte Waregem,40',1,0,True,2007,27,80108
2008/03/22,20:00:00,Zulte Waregem,2159,STVV,None,STVV,50',1,1,True,2007,27,80108
2008/03/22,20:00:00,Zulte Waregem,2159,STVV,None,STVV,59',1,2,True,2007,27,80108
2008/03/22,20:00:00,Zulte Waregem,2159,STVV,None,Zulte Waregem,69',2,2,True,2007,27,80108
2008/03/22,20:00:00,Zulte Waregem,2159,STVV,None,Zulte Waregem,85',3,2,True,2007,27,80108
2008/03/23,18:00:00,KAA Gent,7,RSCA,None,RSCA,23',0,1,True,2007,27,80104
2008/03/23,18:00:00,KAA Gent,7,RSCA,None,RSCA,37',0,2,True,2007,27,80104
2008/03/23,18:00:00,KAA Gent,7,RSCA,None,RSCA,63',0,3,True,2007,27,80104
2008/03/23,18:00:00,KAA Gent,7,RSCA,None,KAA Gent,88',1,3,True,2007,27,80104
2008/03/23,18:00:00,KAA Gent,7,RSCA,None,KAA Gent,89',2,3,True,2007,27,80104
2008/03/23,20:30:00,Standard Luik,16,RAEC M,44,Standard Luik,53',1,0,True,2007,27,80107
2008/03/23,20:30:00,Standard Luik,16,RAEC M,44,Standard Luik,78',2,0,True,2007,27,80107
2008/03/29,20:00:00,Germ. Beerschot,155,KVCWes,None,KVCWes,53',0,1,True,2007,28,80112
2008/03/29,20:00:00,Germ. Beerschot,155,KVCWes,None,KVCWes,58',0,2,True,2007,28,80112
2008/03/29,20:00:00,Exc. Mouscron,None,FCVDEH,None,Exc. Mouscron,36',1,0,True,2007,28,80115
2008/03/29,20:00:00,Exc. Mouscron,None,FCVDEH,None,FCVDEH,38',1,1,True,2007,28,80115
2008/03/29,20:00:00,Exc. Mouscron,None,FCVDEH,None,Exc. Mouscron,80',2,1,True,2007,28,80115
2008/03/29,20:00:00,RAEC Mons,44,Gent,7,RAEC Mons,3',1,0,True,2007,28,80116
2008/03/29,20:00:00,RAEC Mons,44,Gent,7,RAEC Mons,16',2,0,True,2007,28,80116
2008/03/29,20:00:00,RAEC Mons,44,Gent,7,RAEC Mons,53',3,0,True,2007,28,80116
2008/03/29,20:00:00,RAEC Mons,44,Gent,7,RAEC Mons,66',4,0,True,2007,28,80116
2008/03/29,20:00:00,St-Truidense VV,322,KSVRoe,None,KSVRoe,58',0,1,True,2007,28,80117
2008/03/29,20:00:00,St-Truidense VV,322,KSVRoe,None,KSVRoe,85',0,1,False,2007,28,80117
2008/03/29,20:00:00,St-Truidense VV,322,KSVRoe,None,St-Truidense VV,87',0,1,False,2007,28,80117
2008/03/29,20:00:00,R Charleroi SC,29,FCB,253,R Charleroi SC,50',1,0,True,2007,28,80110
2008/03/29,21:00:00,KV Mechelen,25,SL,231,SL,78',0,1,True,2007,28,80114
2008/03/30,17:00:00,RSC Anderlecht,35,Cercle,12,Cercle,37',0,1,True,2007,28,80109
2008/03/30,17:00:00,RSC Anderlecht,35,Cercle,12,RSC Anderlecht,41',1,1,True,2007,28,80109
2008/03/30,17:00:00,RSC Anderlecht,35,Cercle,12,RSC Anderlecht,65',2,1,True,2007,28,80109
2008/03/30,17:00:00,RSC Anderlecht,35,Cercle,12,RSC Anderlecht,70',3,1,True,2007,28,80109
2008/03/30,19:30:00,Club Brugge,3,Genk,290,Genk,5',0,1,True,2007,28,80111
2008/03/30,19:30:00,Club Brugge,3,Genk,290,Genk,6',0,2,True,2007,28,80111
2008/03/30,19:30:00,Club Brugge,3,Genk,290,Club Brugge,23',1,2,True,2007,28,80111
2008/03/30,19:30:00,Club Brugge,3,Genk,290,Genk,25',1,3,True,2007,28,80111
2008/03/30,19:30:00,Club Brugge,3,Genk,290,Genk,29',1,4,True,2007,28,80111
2008/03/30,19:30:00,Club Brugge,3,Genk,290,Club Brugge,49',2,4,True,2007,28,80111
2008/03/30,19:30:00,Club Brugge,3,Genk,290,Genk,68',2,5,True,2007,28,80111
2008/03/30,19:30:00,Club Brugge,3,Genk,290,Club Brugge,83',2,5,False,2007,28,80111
2008/03/30,19:30:00,Club Brugge,3,Genk,290,Genk,88',2,6,True,2007,28,80111
2008/04/04,19:30:00,KAA Gent,7,STVV,None,STVV,11',0,1,True,2007,29,80121
2008/04/04,19:30:00,KAA Gent,7,STVV,None,STVV,19',0,2,True,2007,29,80121
2008/04/04,19:30:00,KAA Gent,7,STVV,None,KAA Gent,48',1,2,True,2007,29,80121
2008/04/04,19:30:00,KAA Gent,7,STVV,None,KAA Gent,61',2,2,True,2007,29,80121
2008/04/04,19:30:00,KAA Gent,7,STVV,None,KAA Gent,62',2,2,False,2007,29,80121
2008/04/04,19:30:00,KAA Gent,7,STVV,None,STVV,88',2,3,True,2007,29,80121
2008/04/04,19:30:00,KAA Gent,7,STVV,None,STVV,89',2,3,False,2007,29,80121
2008/04/04,19:30:00,KAA Gent,7,STVV,None,STVV,89',2,3,False,2007,29,80121
2008/04/05,19:00:00,Cercle Brugge,12,RAEC M,44,RAEC M,89',2,3,False,2007,29,80118
2008/04/05,19:00:00,FCV Dender EH,1611,RCSC,None,FCV Dender EH,22',1,0,True,2007,29,80119
2008/04/05,19:00:00,FCV Dender EH,1611,RCSC,None,RCSC,27',1,1,True,2007,29,80119
2008/04/05,19:00:00,FCV Dender EH,1611,RCSC,None,RCSC,49',1,2,True,2007,29,80119
2008/04/05,19:00:00,FCV Dender EH,1611,RCSC,None,RCSC,54',1,3,True,2007,29,80119
2008/04/05,19:00:00,FCV Dender EH,1611,RCSC,None,FCV Dender EH,60',2,3,True,2007,29,80119
2008/04/05,19:00:00,FCV Dender EH,1611,RCSC,None,RCSC,73',2,4,True,2007,29,80119
2008/04/05,19:00:00,FC Brussel,1,KVM,None,KVM,23',0,1,True,2007,29,80120
2008/04/05,19:00:00,FC Brussel,1,KVM,None,KVM,24',0,1,False,2007,29,80120
2008/04/05,19:00:00,FC Brussel,1,KVM,None,FC Brussel,25',1,1,True,2007,29,80120
2008/04/05,19:00:00,FC Brussel,1,KVM,None,KVM,35',1,2,True,2007,29,80120
2008/04/05,19:00:00,FC Brussel,1,KVM,None,FC Brussel,65',2,2,True,2007,29,80120
2008/04/05,19:00:00,KRC Genk,290,LOK,801,LOK,53',0,1,True,2007,29,80122
2008/04/05,19:00:00,KRC Genk,290,LOK,801,KRC Genk,60',1,1,True,2007,29,80122
2008/04/05,19:00:00,KRC Genk,290,LOK,801,KRC Genk,64',1,1,False,2007,29,80122
2008/04/05,19:00:00,KRC Genk,290,LOK,801,LOK,67',1,2,True,2007,29,80122
2008/04/05,19:00:00,KRC Genk,290,LOK,801,KRC Genk,72',2,2,True,2007,29,80122
2008/04/05,19:00:00,KRC Genk,290,LOK,801,LOK,89',2,3,True,2007,29,80122
2008/04/05,19:00:00,KSV Roeselare,134,GBA,None,KSV Roeselare,4',1,0,True,2007,29,80123
2008/04/05,19:00:00,Zulte Waregem,2159,FCB,253,FCB,24',0,1,True,2007,29,80126
2008/04/05,19:00:00,Zulte Waregem,2159,FCB,253,FCB,44',0,2,True,2007,29,80126
2008/04/05,19:00:00,Zulte Waregem,2159,FCB,253,Zulte Waregem,59',1,2,True,2007,29,80126
2008/04/05,19:00:00,Zulte Waregem,2159,FCB,253,Zulte Waregem,78',2,2,True,2007,29,80126
2008/04/05,19:00:00,Zulte Waregem,2159,FCB,253,FCB,87',2,3,True,2007,29,80126
2008/04/05,21:00:00,Standard Luik,16,Mous,376,Standard Luik,86',1,0,True,2007,29,80124
2008/04/06,19:30:00,KVC Westerlo,867,RSCA,None,RSCA,14',0,1,True,2007,29,80125
2008/04/06,19:30:00,KVC Westerlo,867,RSCA,None,RSCA,27',0,1,False,2007,29,80125
2008/04/06,19:30:00,KVC Westerlo,867,RSCA,None,RSCA,35',0,2,True,2007,29,80125
2008/04/12,19:00:00,R Charleroi SC,29,Genk,290,Genk,9',0,1,True,2007,30,80128
2008/04/12,19:00:00,R Charleroi SC,29,Genk,290,R Charleroi SC,34',1,1,True,2007,30,80128
2008/04/12,19:00:00,R Charleroi SC,29,Genk,290,R Charleroi SC,42',2,1,True,2007,30,80128
2008/04/12,19:00:00,R Charleroi SC,29,Genk,290,R Charleroi SC,84',3,1,True,2007,30,80128
2008/04/12,19:00:00,R Charleroi SC,29,Genk,290,Genk,89',3,1,False,2007,30,80128
2008/04/12,19:00:00,FCV Dender EH,1611,FCB,253,FCB,65',0,1,True,2007,30,80130
2008/04/12,19:00:00,FCV Dender EH,1611,FCB,253,FCV Dender EH,70',1,1,True,2007,30,80130
2008/04/12,19:00:00,KV Mechelen,25,Gent,7,KV Mechelen,87',1,0,True,2007,30,80132
2008/04/12,19:00:00,Exc. Mouscron,None,Zulte,622,Zulte,23',0,1,True,2007,30,80133
2008/04/12,19:00:00,Exc. Mouscron,None,Zulte,622,Zulte,48',0,2,True,2007,30,80133
2008/04/12,19:00:00,RAEC Mons,44,KSVRoe,None,KSVRoe,31',0,1,True,2007,30,80134
2008/04/12,19:00:00,RAEC Mons,44,KSVRoe,None,RAEC Mons,32',1,1,True,2007,30,80134
2008/04/12,19:00:00,St-Truidense VV,322,KVCWes,None,KVCWes,47',0,1,True,2007,30,80135
2008/04/12,19:00:00,St-Truidense VV,322,KVCWes,None,KVCWes,84',0,2,True,2007,30,80135
2008/04/13,17:00:00,Club Brugge,3,Cercle,12,Club Brugge,63',1,0,True,2007,30,80129
2008/04/13,19:30:00,RSC Anderlecht,35,GBA,None,RSC Anderlecht,60',1,0,True,2007,30,80127
2008/04/13,19:30:00,RSC Anderlecht,35,GBA,None,RSC Anderlecht,65',2,0,True,2007,30,80127
2008/04/18,19:30:00,Cercle Brugge,12,LOK,801,LOK,17',0,1,True,2007,31,80136
2008/04/18,19:30:00,Cercle Brugge,12,LOK,801,Cercle Brugge,30',1,1,True,2007,31,80136
2008/04/18,19:30:00,Cercle Brugge,12,LOK,801,Cercle Brugge,64',2,1,True,2007,31,80136
2008/04/18,19:30:00,Cercle Brugge,12,LOK,801,Cercle Brugge,67',3,1,True,2007,31,80136
2008/04/18,19:30:00,Cercle Brugge,12,LOK,801,LOK,80',3,2,True,2007,31,80136
2008/04/19,19:00:00,FC Brussel,1,Mous,376,Mous,29',0,1,True,2007,31,80137
2008/04/19,19:00:00,FC Brussel,1,Mous,376,Mous,85',0,2,True,2007,31,80137
2008/04/19,19:00:00,Germ. Beerschot,155,STVV,None,Germ. Beerschot,12',1,0,True,2007,31,80139
2008/04/19,19:00:00,Germ. Beerschot,155,STVV,None,Germ. Beerschot,29',2,0,True,2007,31,80139
2008/04/19,19:00:00,Germ. Beerschot,155,STVV,None,STVV,73',2,1,True,2007,31,80139
2008/04/19,19:00:00,KRC Genk,290,FCVDEH,None,FCVDEH,82',2,1,False,2007,31,80140
2008/04/19,19:00:00,KRC Genk,290,FCVDEH,None,KRC Genk,90+1',1,0,True,2007,31,80140
2008/04/19,19:00:00,KRC Genk,290,FCVDEH,None,KRC Genk,90+5',2,0,True,2007,31,80140
2008/04/19,19:00:00,KRC Genk,290,FCVDEH,None,FCVDEH,90+5',2,0,False,2007,31,80140
2008/04/19,19:00:00,KSV Roeselare,134,KVM,None,KVM,7',0,1,True,2007,31,80141
2008/04/19,19:00:00,KSV Roeselare,134,KVM,None,KVM,14',0,2,True,2007,31,80141
2008/04/19,19:00:00,KSV Roeselare,134,KVM,None,KSV Roeselare,15',1,2,True,2007,31,80141
2008/04/19,19:00:00,KSV Roeselare,134,KVM,None,KSV Roeselare,24',2,2,True,2007,31,80141
2008/04/19,19:00:00,KSV Roeselare,134,KVM,None,KVM,86',2,2,False,2007,31,80141
2008/04/19,19:00:00,Zulte Waregem,2159,RCSC,None,RCSC,22',0,1,True,2007,31,80144
2008/04/19,19:00:00,Zulte Waregem,2159,RCSC,None,RCSC,29',0,2,True,2007,31,80144
2008/04/19,19:00:00,Zulte Waregem,2159,RCSC,None,Zulte Waregem,62',1,2,True,2007,31,80144
2008/04/19,19:00:00,Zulte Waregem,2159,RCSC,None,Zulte Waregem,89',2,2,True,2007,31,80144
2008/04/20,20:30:00,Standard Luik,16,RSCA,None,Standard Luik,54',1,0,True,2007,31,80142
2008/04/20,20:30:00,Standard Luik,16,RSCA,None,Standard Luik,77',2,0,True,2007,31,80142
2008/04/25,19:30:00,KSC Lokeren,201,Gent,7,Gent,70',0,1,True,2007,32,80150
2008/04/25,19:30:00,KSC Lokeren,201,Gent,7,KSC Lokeren,78',1,1,True,2007,32,80150
2008/04/26,19:00:00,RSC Anderlecht,35,STVV,None,STVV,7',0,1,True,2007,32,80145
2008/04/26,19:00:00,RSC Anderlecht,35,STVV,None,STVV,60',0,1,False,2007,32,80145
2008/04/26,19:00:00,RSC Anderlecht,35,STVV,None,RSC Anderlecht,80',1,1,True,2007,32,80145
2008/04/26,19:00:00,RSC Anderlecht,35,STVV,None,RSC Anderlecht,82',2,1,True,2007,32,80145
2008/04/26,19:00:00,RSC Anderlecht,35,STVV,None,RSC Anderlecht,84',3,1,True,2007,32,80145
2008/04/26,19:00:00,RSC Anderlecht,35,STVV,None,RSC Anderlecht,86',4,1,True,2007,32,80145
2008/04/26,19:00:00,FCV Dender EH,1611,Zulte,622,Zulte,27',0,1,True,2007,32,80148
2008/04/26,19:00:00,FCV Dender EH,1611,Zulte,622,FCV Dender EH,59',1,1,True,2007,32,80148
2008/04/26,19:00:00,FCV Dender EH,1611,Zulte,622,FCV Dender EH,81',2,1,True,2007,32,80148
2008/04/26,19:00:00,KRC Genk,290,FCB,253,FCB,1',0,1,True,2007,32,80149
2008/04/26,19:00:00,KRC Genk,290,FCB,253,KRC Genk,4',1,1,True,2007,32,80149
2008/04/26,19:00:00,KRC Genk,290,FCB,253,KRC Genk,41',2,1,True,2007,32,80149
2008/04/26,19:00:00,KV Mechelen,25,KVCWes,None,KV Mechelen,75',1,0,True,2007,32,80151
2008/04/26,19:00:00,KV Mechelen,25,KVCWes,None,KV Mechelen,86',1,0,False,2007,32,80151
2008/04/26,19:00:00,Exc. Mouscron,None,Cercle,12,Exc. Mouscron,17',1,0,True,2007,32,80152
2008/04/27,18:00:00,R Charleroi SC,29,SL,231,R Charleroi SC,37',1,0,True,2007,32,80146
2008/04/27,18:00:00,R Charleroi SC,29,SL,231,SL,44',1,1,True,2007,32,80146
2008/04/27,18:00:00,R Charleroi SC,29,SL,231,R Charleroi SC,66',2,1,True,2007,32,80146
2008/04/27,19:30:00,Club Brugge,3,KSVRoe,None,Club Brugge,32',1,0,True,2007,32,80147
2008/05/02,19:30:00,Zulte Waregem,2159,Genk,290,Genk,11',0,1,True,2007,33,80162
2008/05/02,19:30:00,Zulte Waregem,2159,Genk,290,Genk,15',0,2,True,2007,33,80162
2008/05/02,19:30:00,Zulte Waregem,2159,Genk,290,Zulte Waregem,77',1,2,True,2007,33,80162
2008/05/02,19:30:00,Zulte Waregem,2159,Genk,290,Zulte Waregem,85',2,2,True,2007,33,80162
2008/05/03,19:00:00,RSC Anderlecht,35,FCB,253,RSC Anderlecht,16',1,0,True,2007,33,80154
2008/05/03,19:00:00,RSC Anderlecht,35,FCB,253,FCB,26',1,0,False,2007,33,80154
2008/05/03,19:00:00,RSC Anderlecht,35,FCB,253,RSC Anderlecht,30',2,0,True,2007,33,80154
2008/05/03,19:00:00,Cercle Brugge,12,FCB,253,FCB,59',2,0,False,2007,33,80155
2008/05/03,19:00:00,KAA Gent,7,RCSC,None,KAA Gent,28',1,0,True,2007,33,80156
2008/05/03,19:00:00,KAA Gent,7,RCSC,None,RCSC,48',1,1,True,2007,33,80156
2008/05/03,19:00:00,KAA Gent,7,RCSC,None,KAA Gent,72',2,1,True,2007,33,80156
2008/05/03,19:00:00,KAA Gent,7,RCSC,None,KAA Gent,85',2,1,False,2007,33,80156
2008/05/03,19:00:00,Germ. Beerschot,155,KVM,None,Germ. Beerschot,28',1,0,True,2007,33,80157
2008/05/03,19:00:00,Germ. Beerschot,155,KVM,None,Germ. Beerschot,38',2,0,True,2007,33,80157
2008/05/03,19:00:00,Germ. Beerschot,155,KVM,None,KVM,51',2,1,True,2007,33,80157
2008/05/03,19:00:00,Germ. Beerschot,155,KVM,None,KVM,56',2,2,True,2007,33,80157
2008/05/03,19:00:00,Germ. Beerschot,155,KVM,None,Germ. Beerschot,65',3,2,True,2007,33,80157
2008/05/03,19:00:00,Germ. Beerschot,155,KVM,None,Germ. Beerschot,78',4,2,True,2007,33,80157
2008/05/03,19:00:00,Germ. Beerschot,155,KVM,None,KVM,86',4,3,True,2007,33,80157
2008/05/03,19:00:00,KSV Roeselare,134,Mous,376,Mous,14',0,1,True,2007,33,80158
2008/05/03,19:00:00,KSV Roeselare,134,Mous,376,KSV Roeselare,31',1,1,True,2007,33,80158
2008/05/03,19:00:00,KSV Roeselare,134,Mous,376,KSV Roeselare,64',2,1,True,2007,33,80158
2008/05/03,19:00:00,St-Truidense VV,322,RAEC M,44,RAEC M,25',0,1,True,2007,33,80159
2008/05/03,19:00:00,St-Truidense VV,322,RAEC M,44,St-Truidense VV,72',1,1,True,2007,33,80159
2008/05/03,19:00:00,St-Truidense VV,322,RAEC M,44,RAEC M,80',1,1,False,2007,33,80159
2008/05/03,19:00:00,KVC Westerlo,867,LOK,801,KVC Westerlo,20',1,0,True,2007,33,80161
2008/05/03,19:00:00,KVC Westerlo,867,LOK,801,LOK,77',1,1,True,2007,33,80161
2008/05/03,19:00:00,KVC Westerlo,867,LOK,801,LOK,89',1,2,True,2007,33,80161
2008/05/03,20:00:00,Standard Luik,16,FCVDEH,None,Standard Luik,33',1,0,True,2007,33,80160
2008/05/03,20:00:00,Standard Luik,16,FCVDEH,None,Standard Luik,40',2,0,True,2007,33,80160
2008/05/03,20:00:00,Standard Luik,16,FCVDEH,None,Standard Luik,80',3,0,True,2007,33,80160
2008/05/09,19:30:00,FC Brussel,1,Zulte,622,Zulte,4',0,1,True,2007,34,80166
2008/05/09,19:30:00,FC Brussel,1,Zulte,622,Zulte,24',0,2,True,2007,34,80166
2008/05/09,19:30:00,FC Brussel,1,Zulte,622,FC Brussel,89',1,2,True,2007,34,80166
2008/05/10,19:00:00,R Charleroi SC,29,Cercle,12,Cercle,21',0,1,True,2007,34,80163
2008/05/10,19:00:00,R Charleroi SC,29,Cercle,12,Cercle,30',0,2,True,2007,34,80163
2008/05/10,19:00:00,R Charleroi SC,29,Cercle,12,R Charleroi SC,56',1,2,True,2007,34,80163
2008/05/10,19:00:00,R Charleroi SC,29,Cercle,12,Cercle,78',1,3,True,2007,34,80163
2008/05/10,19:00:00,Club Brugge,3,KVCWes,None,Club Brugge,19',1,0,True,2007,34,80164
2008/05/10,19:00:00,Club Brugge,3,KVCWes,None,Club Brugge,40',2,0,True,2007,34,80164
2008/05/10,19:00:00,Club Brugge,3,KVCWes,None,Club Brugge,55',3,0,True,2007,34,80164
2008/05/10,19:00:00,Club Brugge,3,KVCWes,None,Club Brugge,89',4,0,True,2007,34,80164
2008/05/10,19:00:00,FCV Dender EH,1611,Gent,7,Gent,3',0,1,True,2007,34,80165
2008/05/10,19:00:00,FCV Dender EH,1611,Gent,7,Gent,22',0,2,True,2007,34,80165
2008/05/10,19:00:00,FCV Dender EH,1611,Gent,7,Gent,60',0,3,True,2007,34,80165
2008/05/10,19:00:00,KSC Lokeren,201,KSVRoe,None,KSC Lokeren,42',1,0,True,2007,34,80168
2008/05/10,19:00:00,KSC Lokeren,201,KSVRoe,None,KSC Lokeren,89',2,0,True,2007,34,80168
2008/05/10,19:00:00,KSC Lokeren,201,KSVRoe,None,KSC Lokeren,90',3,0,True,2007,34,80168
2008/05/10,19:00:00,KV Mechelen,25,STVV,None,STVV,6',0,1,True,2007,34,80169
2008/05/10,19:00:00,KV Mechelen,25,STVV,None,STVV,17',0,2,True,2007,34,80169
2008/05/10,19:00:00,KV Mechelen,25,STVV,None,STVV,40',0,3,True,2007,34,80169
2008/05/10,19:00:00,KV Mechelen,25,STVV,None,KV Mechelen,52',1,3,True,2007,34,80169
2008/05/10,19:00:00,KV Mechelen,25,STVV,None,KV Mechelen,58',2,3,True,2007,34,80169
2008/05/10,19:00:00,KV Mechelen,25,STVV,None,STVV,73',2,3,False,2007,34,80169
2008/05/10,19:00:00,KV Mechelen,25,STVV,None,KV Mechelen,77',2,3,False,2007,34,80169
2008/05/10,19:00:00,Exc. Mouscron,None,GBA,None,Exc. Mouscron,87',1,0,True,2007,34,80170
2008/05/10,19:00:00,RAEC Mons,44,RSCA,None,RSCA,35',0,1,True,2007,34,80171
2008/05/10,19:00:00,RAEC Mons,44,RSCA,None,RSCA,59',0,2,True,2007,34,80171
2008/05/10,19:00:00,RAEC Mons,44,RSCA,None,RAEC Mons,89',0,2,False,2007,34,80171
2008/05/10,19:00:00,RAEC Mons,44,RSCA,None,RAEC Mons,90',1,2,True,2007,34,80171
2008/05/10,20:00:00,KRC Genk,290,SL,231,SL,23',0,1,True,2007,34,80167
2008/05/10,20:00:00,KRC Genk,290,SL,231,SL,85',0,2,True,2007,34,80167
2008/05/10,20:00:00,KRC Genk,290,SL,231,SL,88',0,2,False,2007,34,80167
