seizoen,speeldag,stand,naam_ploeg,id_ploeg,aantal_wedstrijden,aantal_gewonnen,aantal_gelijk,aantal_verloren,doelpunten_voor,doelpunten_tegen,verschil,punten
2023,1,1,KRC Genk,290,1,1,0,0,4,0,4,3
2023,1,2,Union SG,10,1,1,0,0,2,0,2,3
2023,1,3,KAA Gent,7,1,1,0,0,3,2,1,3
2023,1,3,St-Truidense VV,373,1,1,0,0,1,0,1,3
2023,1,3,Antwerp FC,1,1,1,0,0,1,0,1,3
2023,1,6,R Charleroi SC,22,1,0,1,0,1,1,0,1
2023,1,6,KV Mechelen,25,1,0,1,0,1,1,0,1
2023,1,6,KVC Westerlo,867,1,0,1,0,2,2,0,1
2023,1,6,KAS Eupen,1792,1,0,1,0,2,2,0,1
2023,1,6,Club Brugge,3,1,0,1,0,1,1,0,1
2023,1,6,OH Leuven,18,1,0,1,0,1,1,0,1
2023,1,12,Cercle Brugge,12,1,0,0,1,0,1,-1,0
2023,1,12,KV Kortrijk,19,1,0,0,1,2,3,-1,0
2023,1,12,Standard Luik,16,1,0,0,1,0,1,-1,0
2023,1,15,RSC Anderlecht,35,1,0,0,1,0,2,-2,0
2023,1,16,RWDM,47,1,0,0,1,0,4,-4,0
2022,1,1,RSC Anderlecht,35,1,1,0,0,2,0,2,3
2022,1,1,Antwerp FC,1,1,1,0,0,2,0,2,3
2022,1,1,R Charleroi SC,22,1,1,0,0,3,1,2,3
2022,1,1,Zulte Waregem,5381,1,1,0,0,2,0,2,3
2022,1,1,OH Leuven,18,1,1,0,0,2,0,2,3
2022,1,1,KVC Westerlo,867,1,1,0,0,2,0,2,3
2022,1,7,Club Brugge,3,1,1,0,0,3,2,1,3
2022,1,8,Standard Luik,16,1,0,1,0,2,2,0,1
2022,1,8,Union SG,10,1,0,1,0,1,1,0,1
2022,1,8,St-Truidense VV,373,1,0,1,0,1,1,0,1
2022,1,8,KAA Gent,7,1,0,1,0,2,2,0,1
2022,1,12,KRC Genk,290,1,0,0,1,2,3,-1,0
2022,1,13,KAS Eupen,1792,1,0,0,1,1,3,-2,0
2022,1,13,KV Kortrijk,19,1,0,0,1,0,2,-2,0
2022,1,13,RFC Seraing,167,1,0,0,1,0,2,-2,0
2022,1,13,Cercle Brugge,12,1,0,0,1,0,2,-2,0
2022,1,13,KV Oostende,31,1,0,0,1,0,2,-2,0
2022,1,13,KV Mechelen,25,1,0,0,1,0,2,-2,0
2021,1,1,R Charleroi SC,22,1,1,0,0,3,0,3,3
2021,1,2,KV Kortrijk,19,1,1,0,0,2,0,2,3
2021,1,2,Union SG,10,1,1,0,0,3,1,2,3
2021,1,4,KV Mechelen,25,1,1,0,0,3,2,1,3
2021,1,4,St-Truidense VV,373,1,1,0,0,2,1,1,3
2021,1,4,Cercle Brugge,12,1,1,0,0,1,0,1,3
2021,1,7,KAS Eupen,1792,1,0,1,0,2,2,0,1
2021,1,7,OH Leuven,18,1,0,1,0,1,1,0,1
2021,1,7,KRC Genk,290,1,0,1,0,1,1,0,1
2021,1,7,Zulte Waregem,5381,1,0,1,0,1,1,0,1
2021,1,7,Club Brugge,3,1,0,1,0,2,2,0,1
2021,1,7,Standard Luik,16,1,0,1,0,1,1,0,1
2021,1,13,Beerschot V.A.,13,1,0,0,1,0,1,-1,0
2021,1,13,KAA Gent,7,1,0,0,1,1,2,-1,0
2021,1,13,Antwerp FC,1,1,0,0,1,2,3,-1,0
2021,1,16,RFC Seraing,167,1,0,0,1,0,2,-2,0
2021,1,16,RSC Anderlecht,35,1,0,0,1,1,3,-2,0
2021,1,18,KV Oostende,31,1,0,0,1,0,3,-3,0
2020,1,1,Waasland-Beveren,4068,1,1,0,0,3,1,2,3
2020,1,2,Beerschot V.A.,13,1,1,0,0,2,1,1,3
2020,1,2,KRC Genk,290,1,1,0,0,2,1,1,3
2020,1,2,St-Truidense VV,373,1,1,0,0,2,1,1,3
2020,1,5,R Charleroi SC,22,1,1,0,0,1,0,1,3
2020,1,5,Standard Luik,16,1,1,0,0,1,0,1,3
2020,1,7,RSC Anderlecht,35,1,0,1,0,2,2,0,1
2020,1,7,KV Mechelen,25,1,0,1,0,2,2,0,1
2020,1,9,Antwerp FC,1,1,0,1,0,1,1,0,1
2020,1,9,OH Leuven,18,1,0,1,0,1,1,0,1
2020,1,9,Moeskroen,216,1,0,1,0,1,1,0,1
2020,1,9,KAS Eupen,1792,1,0,1,0,1,1,0,1
2020,1,13,KAA Gent,7,1,0,0,1,1,2,-1,0
2020,1,13,KV Oostende,31,1,0,0,1,1,2,-1,0
2020,1,13,Zulte Waregem,5381,1,0,0,1,1,2,-1,0
2020,1,16,Club Brugge,3,1,0,0,1,0,1,-1,0
2020,1,16,Cercle Brugge,12,1,0,0,1,0,1,-1,0
2020,1,18,KV Kortrijk,19,1,0,0,1,1,3,-2,0
2019,1,1,Antwerp FC,1,1,1,0,0,4,1,3,3
2019,1,2,Club Brugge,3,1,1,0,0,3,1,2,3
2019,1,3,KV Mechelen,25,1,1,0,0,2,0,2,3
2019,1,3,Standard Luik,16,1,1,0,0,2,0,2,3
2019,1,5,KRC Genk,290,1,1,0,0,2,1,1,3
2019,1,5,KV Oostende,31,1,1,0,0,2,1,1,3
2019,1,7,Moeskroen,216,1,1,0,0,1,0,1,3
2019,1,8,KAA Gent,7,1,0,1,0,1,1,0,1
2019,1,8,R Charleroi SC,22,1,0,1,0,1,1,0,1
2019,1,10,RSC Anderlecht,35,1,0,0,1,1,2,-1,0
2019,1,10,KV Kortrijk,19,1,0,0,1,1,2,-1,0
2019,1,12,St-Truidense VV,373,1,0,0,1,0,1,-1,0
2019,1,13,Waasland-Beveren,4068,1,0,0,1,1,3,-2,0
2019,1,14,Cercle Brugge,12,1,0,0,1,0,2,-2,0
2019,1,14,Zulte Waregem,5381,1,0,0,1,0,2,-2,0
2019,1,16,KAS Eupen,1792,1,0,0,1,1,4,-3,0
2018,1,1,KRC Genk,290,1,1,0,0,4,0,4,3
2018,1,2,Club Brugge,3,1,1,0,0,5,2,3,3
2018,1,3,RSC Anderlecht,35,1,1,0,0,4,1,3,3
2018,1,4,Standard Luik,16,1,1,0,0,3,2,1,3
2018,1,5,KV Oostende,31,1,1,0,0,2,1,1,3
2018,1,6,Antwerp FC,1,1,1,0,0,1,0,1,3
2018,1,7,Zulte Waregem,5381,1,0,1,0,2,2,0,1
2018,1,7,Waasland-Beveren,4068,1,0,1,0,2,2,0,1
2018,1,9,St-Truidense VV,373,1,0,1,0,0,0,0,1
2018,1,9,Cercle Brugge,12,1,0,1,0,0,0,0,1
2018,1,11,KAA Gent,7,1,0,0,1,2,3,-1,0
2018,1,12,Moeskroen,216,1,0,0,1,1,2,-1,0
2018,1,13,R Charleroi SC,22,1,0,0,1,0,1,-1,0
2018,1,14,KAS Eupen,1792,1,0,0,1,2,5,-3,0
2018,1,15,KV Kortrijk,19,1,0,0,1,1,4,-3,0
2018,1,16,KSC Lokeren,282,1,0,0,1,0,4,-4,0
2017,1,1,Zulte Waregem,5381,1,1,0,0,5,0,5,3
2017,1,2,Club Brugge,3,1,1,0,0,4,0,4,3
2017,1,3,St-Truidense VV,373,1,1,0,0,3,2,1,3
2017,1,4,R Charleroi SC,22,1,1,0,0,1,0,1,3
2017,1,4,Moeskroen,216,1,1,0,0,1,0,1,3
2017,1,6,KRC Genk,290,1,0,1,0,3,3,0,1
2017,1,6,Waasland-Beveren,4068,1,0,1,0,3,3,0,1
2017,1,8,KV Mechelen,25,1,0,1,0,1,1,0,1
2017,1,8,Standard Luik,16,1,0,1,0,1,1,0,1
2017,1,10,RSC Anderlecht,35,1,0,1,0,0,0,0,1
2017,1,10,Antwerp FC,1,1,0,1,0,0,0,0,1
2017,1,12,KAA Gent,7,1,0,0,1,2,3,-1,0
2017,1,13,KV Kortrijk,19,1,0,0,1,0,1,-1,0
2017,1,13,KV Oostende,31,1,0,0,1,0,1,-1,0
2017,1,15,KSC Lokeren,282,1,0,0,1,0,4,-4,0
2017,1,16,KAS Eupen,1792,1,0,0,1,0,5,-5,0
2016,1,1,Zulte Waregem,5381,1,1,0,0,3,0,3,3
2016,1,2,Club Brugge,3,1,1,0,0,2,0,2,3
2016,1,3,KRC Genk,290,1,1,0,0,2,1,1,3
2016,1,3,RSC Anderlecht,35,1,1,0,0,2,1,1,3
2016,1,5,R Charleroi SC,22,1,1,0,0,1,0,1,3
2016,1,5,St-Truidense VV,373,1,1,0,0,1,0,1,3
2016,1,7,KVC Westerlo,867,1,0,1,0,2,2,0,1
2016,1,7,Standard Luik,16,1,0,1,0,2,2,0,1
2016,1,9,KAA Gent,7,1,0,1,0,1,1,0,1
2016,1,9,KV Kortrijk,19,1,0,1,0,1,1,0,1
2016,1,11,KV Oostende,31,1,0,0,1,1,2,-1,0
2016,1,11,Moeskroen,216,1,0,0,1,1,2,-1,0
2016,1,13,KSC Lokeren,282,1,0,0,1,0,1,-1,0
2016,1,13,Waasland-Beveren,4068,1,0,0,1,0,1,-1,0
2016,1,15,KV Mechelen,25,1,0,0,1,0,2,-2,0
2016,1,16,KAS Eupen,1792,1,0,0,1,0,3,-3,0
2015,1,1,KRC Genk,290,1,1,0,0,3,1,2,3
2015,1,1,KV Oostende,31,1,1,0,0,3,1,2,3
2015,1,1,Zulte Waregem,5381,1,1,0,0,3,1,2,3
2015,1,4,RSC Anderlecht,35,1,1,0,0,3,2,1,3
2015,1,5,R Charleroi SC,22,1,1,0,0,2,1,1,3
2015,1,5,St-Truidense VV,373,1,1,0,0,2,1,1,3
2015,1,5,KV Kortrijk,19,1,1,0,0,2,1,1,3
2015,1,8,KAA Gent,7,1,0,1,0,1,1,0,1
2015,1,8,KVC Westerlo,867,1,0,1,0,1,1,0,1
2015,1,10,Waasland-Beveren,4068,1,0,0,1,2,3,-1,0
2015,1,11,Club Brugge,3,1,0,0,1,1,2,-1,0
2015,1,11,Standard Luik,16,1,0,0,1,1,2,-1,0
2015,1,11,Moeskroen,216,1,0,0,1,1,2,-1,0
2015,1,14,KV Mechelen,25,1,0,0,1,1,3,-2,0
2015,1,14,KSC Lokeren,282,1,0,0,1,1,3,-2,0
2015,1,14,OH Leuven,18,1,0,0,1,1,3,-2,0
2014,1,1,Standard Luik,16,1,1,0,0,3,0,3,3
2014,1,2,RSC Anderlecht,35,1,1,0,0,3,1,2,3
2014,1,2,KV Mechelen,25,1,1,0,0,3,1,2,3
2014,1,4,Lierse SK,30,1,1,0,0,2,0,2,3
2014,1,4,Club Brugge,3,1,1,0,0,2,0,2,3
2014,1,4,Zulte Waregem,5381,1,1,0,0,2,0,2,3
2014,1,7,KVC Westerlo,867,1,1,0,0,1,0,1,3
2014,1,8,KAA Gent,7,1,0,1,0,0,0,0,1
2014,1,8,Cercle Brugge,12,1,0,1,0,0,0,0,1
2014,1,10,KSC Lokeren,282,1,0,0,1,0,1,-1,0
2014,1,11,KRC Genk,290,1,0,0,1,1,3,-2,0
2014,1,11,Moeskroen,216,1,0,0,1,1,3,-2,0
2014,1,13,KV Kortrijk,19,1,0,0,1,0,2,-2,0
2014,1,13,KV Oostende,31,1,0,0,1,0,2,-2,0
2014,1,13,Waasland-Beveren,4068,1,0,0,1,0,2,-2,0
2014,1,16,R Charleroi SC,22,1,0,0,1,0,3,-3,0
2013,1,1,KRC Genk,290,1,1,0,0,3,0,3,3
2013,1,2,Club Brugge,3,1,1,0,0,2,0,2,3
2013,1,2,Standard Luik,16,1,1,0,0,2,0,2,3
2013,1,4,KSC Lokeren,282,1,1,0,0,3,2,1,3
2013,1,5,Zulte Waregem,5381,1,1,0,0,2,1,1,3
2013,1,6,KV Kortrijk,19,1,1,0,0,1,0,1,3
2013,1,7,KAA Gent,7,1,0,1,0,1,1,0,1
2013,1,7,Cercle Brugge,12,1,0,1,0,1,1,0,1
2013,1,7,RAEC Mons,44,1,0,1,0,1,1,0,1
2013,1,7,SK Beveren,2300,1,0,1,0,1,1,0,1
2013,1,11,RSC Anderlecht,35,1,0,0,1,2,3,-1,0
2013,1,12,Lierse SK,30,1,0,0,1,1,2,-1,0
2013,1,13,OH Leuven,18,1,0,0,1,0,1,-1,0
2013,1,14,R Charleroi SC,22,1,0,0,1,0,2,-2,0
2013,1,14,KV Mechelen,25,1,0,0,1,0,2,-2,0
2013,1,16,KV Oostende,31,1,0,0,1,0,3,-3,0
2012,1,1,RAEC Mons,44,1,1,0,0,5,2,3,3
2012,1,2,KV Mechelen,25,1,1,0,0,4,2,2,3
2012,1,2,KSC Lokeren,282,1,1,0,0,4,2,2,3
2012,1,4,Club Brugge,3,1,1,0,0,3,1,2,3
2012,1,5,KAA Gent,7,1,1,0,0,2,0,2,3
2012,1,6,Zulte Waregem,5381,1,1,0,0,1,0,1,3
2012,1,7,Cercle Brugge,12,1,0,1,0,3,3,0,1
2012,1,7,KRC Genk,290,1,0,1,0,3,3,0,1
2012,1,9,RSC Anderlecht,35,1,0,1,0,1,1,0,1
2012,1,9,KV Kortrijk,19,1,0,1,0,1,1,0,1
2012,1,11,Standard Luik,16,1,0,0,1,0,1,-1,0
2012,1,12,R Charleroi SC,22,1,0,0,1,2,4,-2,0
2012,1,12,Beerschot AC,13,1,0,0,1,2,4,-2,0
2012,1,14,SK Beveren,2300,1,0,0,1,1,3,-2,0
2012,1,15,Lierse SK,30,1,0,0,1,0,2,-2,0
2012,1,16,OH Leuven,18,1,0,0,1,2,5,-3,0
2011,1,1,Club Brugge,3,1,1,0,0,5,0,5,3
2011,1,2,KRC Genk,290,1,1,0,0,3,1,2,3
2011,1,3,KV Mechelen,25,1,1,0,0,2,1,1,3
2011,1,3,OH Leuven,18,1,1,0,0,2,1,1,3
2011,1,5,Cercle Brugge,12,1,1,0,0,1,0,1,3
2011,1,6,Lierse SK,30,1,0,1,0,1,1,0,1
2011,1,6,KV Kortrijk,19,1,0,1,0,1,1,0,1
2011,1,6,RAEC Mons,44,1,0,1,0,1,1,0,1
2011,1,6,Standard Luik,16,1,0,1,0,1,1,0,1
2011,1,10,KSC Lokeren,282,1,0,1,0,0,0,0,1
2011,1,10,Zulte Waregem,5381,1,0,1,0,0,0,0,1
2011,1,12,RSC Anderlecht,35,1,0,0,1,1,2,-1,0
2011,1,12,St-Truidense VV,373,1,0,0,1,1,2,-1,0
2011,1,14,KAA Gent,7,1,0,0,1,0,1,-1,0
2011,1,15,Beerschot AC,13,1,0,0,1,1,3,-2,0
2011,1,16,KVC Westerlo,867,1,0,0,1,0,5,-5,0
2010,1,1,RSC Anderlecht,35,1,1,0,0,4,1,3,3
2010,1,2,KV Mechelen,25,1,1,0,0,2,0,2,3
2010,1,3,KRC Genk,290,1,1,0,0,2,1,1,3
2010,1,4,KAA Gent,7,1,1,0,0,1,0,1,3
2010,1,4,St-Truidense VV,373,1,1,0,0,1,0,1,3
2010,1,4,KV Kortrijk,19,1,1,0,0,1,0,1,3
2010,1,7,R Charleroi SC,22,1,0,1,0,1,1,0,1
2010,1,7,Cercle Brugge,12,1,0,1,0,1,1,0,1
2010,1,7,Standard Luik,16,1,0,1,0,1,1,0,1
2010,1,7,Zulte Waregem,5381,1,0,1,0,1,1,0,1
2010,1,11,Germ. Beerschot,3530,1,0,0,1,1,2,-1,0
2010,1,12,Lierse SK,30,1,0,0,1,0,1,-1,0
2010,1,12,KVC Westerlo,867,1,0,0,1,0,1,-1,0
2010,1,12,Club Brugge,3,1,0,0,1,0,1,-1,0
2010,1,15,KSC Lokeren,282,1,0,0,1,0,2,-2,0
2010,1,16,KAS Eupen,1792,1,0,0,1,1,4,-3,0
2009,1,1,KV Mechelen,25,1,1,0,0,4,1,3,3
2009,1,2,KAA Gent,7,1,1,0,0,3,1,2,3
2009,1,3,RSC Anderlecht,35,1,1,0,0,2,0,2,3
2009,1,4,Club Brugge,3,1,1,0,0,2,1,1,3
2009,1,5,St-Truidense VV,373,1,0,1,0,2,2,0,1
2009,1,5,Standard Luik,16,1,0,1,0,2,2,0,1
2009,1,7,KSC Lokeren,282,1,0,1,0,1,1,0,1
2009,1,7,Germ. Beerschot,3530,1,0,1,0,1,1,0,1
2009,1,7,KSV Roeselare,134,1,0,1,0,1,1,0,1
2009,1,7,Zulte Waregem,5381,1,0,1,0,1,1,0,1
2009,1,11,KRC Genk,290,0,0,0,0,0,0,0,0
2009,1,11,Exc. Mouscron,224,0,0,0,0,0,0,0,0
2009,1,13,R Charleroi SC,22,1,0,0,1,1,2,-1,0
2009,1,14,Cercle Brugge,12,1,0,0,1,1,3,-2,0
2009,1,15,KV Kortrijk,19,1,0,0,1,0,2,-2,0
2009,1,16,KVC Westerlo,867,1,0,0,1,1,4,-3,0
2008,1,1,KAA Gent,7,1,1,0,0,5,0,5,3
2008,1,2,RSC Anderlecht,35,1,1,0,0,3,0,3,3
2008,1,3,Standard Luik,16,1,1,0,0,3,1,2,3
2008,1,4,Exc. Mouscron,224,1,1,0,0,2,1,1,3
2008,1,5,KVC Westerlo,867,1,1,0,0,1,0,1,3
2008,1,6,KSV Roeselare,134,1,0,1,0,2,2,0,1
2008,1,6,KV Kortrijk,19,1,0,1,0,2,2,0,1
2008,1,8,Club Brugge,3,1,0,1,0,1,1,0,1
2008,1,8,KRC Genk,290,1,0,1,0,1,1,0,1
2008,1,8,Germ. Beerschot,3530,1,0,1,0,1,1,0,1
2008,1,8,KV Mechelen,25,1,0,1,0,1,1,0,1
2008,1,12,KSC Lokeren,282,1,0,1,0,0,0,0,1
2008,1,12,Zulte Waregem,5381,1,0,1,0,0,0,0,1
2008,1,14,AFC Tubize,2247,1,0,0,1,1,2,-1,0
2008,1,15,R Charleroi SC,22,1,0,0,1,0,1,-1,0
2008,1,16,FCV Dender EH,1611,1,0,0,1,1,3,-2,0
2008,1,17,Cercle Brugge,12,1,0,0,1,0,3,-3,0
2008,1,18,RAEC Mons,44,1,0,0,1,0,5,-5,0
2007,1,1,Standard Luik,16,1,1,0,0,4,1,3,3
2007,1,1,KAA Gent,7,1,1,0,0,4,1,3,3
2007,1,3,KRC Genk,290,1,1,0,0,3,1,2,3
2007,1,4,Germ. Beerschot,3530,1,1,0,0,2,1,1,3
2007,1,4,Club Brugge,3,1,1,0,0,2,1,1,3
2007,1,4,KSC Lokeren,282,1,1,0,0,2,1,1,3
2007,1,7,KVC Westerlo,867,1,1,0,0,1,0,1,3
2007,1,7,RSC Anderlecht,35,1,1,0,0,1,0,1,3
2007,1,9,R Charleroi SC,22,1,0,1,0,1,1,0,1
2007,1,9,KSV Roeselare,134,1,0,1,0,1,1,0,1
2007,1,11,St-Truidense VV,373,1,0,0,1,1,2,-1,0
2007,1,11,RAEC Mons,44,1,0,0,1,1,2,-1,0
2007,1,11,FCV Dender EH,1611,1,0,0,1,1,2,-1,0
2007,1,14,KV Mechelen,25,1,0,0,1,0,1,-1,0
2007,1,14,FC Brussel,1936,1,0,0,1,0,1,-1,0
2007,1,16,Cercle Brugge,12,1,0,0,1,1,3,-2,0
2007,1,17,Exc. Mouscron,224,1,0,0,1,1,4,-3,0
2007,1,17,Zulte Waregem,5381,1,0,0,1,1,4,-3,0
2006,1,1,Club Brugge,3,1,1,0,0,5,0,5,3
2006,1,2,RSC Anderlecht,35,1,1,0,0,4,2,2,3
2006,1,3,KRC Genk,290,1,1,0,0,3,1,2,3
2006,1,4,KVC Westerlo,867,1,1,0,0,2,1,1,3
2006,1,4,Exc. Mouscron,224,1,1,0,0,2,1,1,3
2006,1,4,KSC Lokeren,282,1,1,0,0,2,1,1,3
2006,1,7,FC Brussel,1936,1,1,0,0,1,0,1,3
2006,1,7,Germ. Beerschot,3530,1,1,0,0,1,0,1,3
2006,1,9,Lierse SK,30,1,0,1,0,0,0,0,1
2006,1,9,R Charleroi SC,22,1,0,1,0,0,0,0,1
2006,1,11,Cercle Brugge,12,1,0,0,1,1,2,-1,0
2006,1,11,KSV Roeselare,134,1,0,0,1,1,2,-1,0
2006,1,11,Standard Luik,16,1,0,0,1,1,2,-1,0
2006,1,14,RAEC Mons,44,1,0,0,1,0,1,-1,0
2006,1,14,KSK Beveren,968,1,0,0,1,0,1,-1,0
2006,1,16,St-Truidense VV,373,1,0,0,1,2,4,-2,0
2006,1,17,Zulte Waregem,5381,1,0,0,1,1,3,-2,0
2006,1,18,KAA Gent,7,1,0,0,1,0,5,-5,0
2005,1,1,RSC Anderlecht,35,1,1,0,0,6,0,6,3
2005,1,2,Zulte Waregem,5381,1,1,0,0,3,1,2,3
2005,1,2,Standard Luik,16,1,1,0,0,3,1,2,3
2005,1,4,KVC Westerlo,867,1,1,0,0,2,0,2,3
2005,1,4,Club Brugge,3,1,1,0,0,2,0,2,3
2005,1,4,FC Brussel,1936,1,1,0,0,2,0,2,3
2005,1,4,R Charleroi SC,22,1,1,0,0,2,0,2,3
2005,1,8,St-Truidense VV,373,1,1,0,0,1,0,1,3
2005,1,9,KSC Lokeren,282,1,0,1,0,1,1,0,1
2005,1,9,KRC Genk,290,1,0,1,0,1,1,0,1
2005,1,11,KSV Roeselare,134,1,0,0,1,0,1,-1,0
2005,1,12,KAA Gent,7,1,0,0,1,1,3,-2,0
2005,1,12,Lierse SK,30,1,0,0,1,1,3,-2,0
2005,1,14,Cercle Brugge,12,1,0,0,1,0,2,-2,0
2005,1,14,Germ. Beerschot,3530,1,0,0,1,0,2,-2,0
2005,1,14,Exc. Mouscron,224,1,0,0,1,0,2,-2,0
2005,1,14,KSK Beveren,968,1,0,0,1,0,2,-2,0
2005,1,18,La Louviere,94,1,0,0,1,0,6,-6,0
2004,1,1,KAA Gent,7,1,1,0,0,5,0,5,3
2004,1,2,La Louviere,94,1,1,0,0,5,2,3,3
2004,1,3,Exc. Mouscron,224,1,1,0,0,2,0,2,3
2004,1,4,KRC Genk,290,1,1,0,0,1,0,1,3
2004,1,5,KVC Westerlo,867,1,0,1,0,3,3,0,1
2004,1,5,KV Oostende,31,1,0,1,0,3,3,0,1
2004,1,7,Cercle Brugge,12,1,0,1,0,2,2,0,1
2004,1,7,KSC Lokeren,282,1,0,1,0,2,2,0,1
2004,1,9,KSK Beveren,968,1,0,1,0,1,1,0,1
2004,1,9,Club Brugge,3,1,0,1,0,1,1,0,1
2004,1,9,Standard Luik,16,1,0,1,0,1,1,0,1
2004,1,9,Lierse SK,30,1,0,1,0,1,1,0,1
2004,1,13,St-Truidense VV,373,1,0,1,0,0,0,0,1
2004,1,13,RAEC Mons,44,1,0,1,0,0,0,0,1
2004,1,15,FC Brussel,1936,1,0,0,1,0,1,-1,0
2004,1,16,RSC Anderlecht,35,1,0,0,1,0,2,-2,0
2004,1,17,R Charleroi SC,22,1,0,0,1,2,5,-3,0
2004,1,18,Germ. Beerschot,3530,1,0,0,1,0,5,-5,0
2003,1,1,KAA Gent,7,1,1,0,0,4,2,2,3
2003,1,2,RSC Anderlecht,35,1,1,0,0,3,1,2,3
2003,1,3,Germ. Beerschot,3530,1,1,0,0,1,0,1,3
2003,1,3,Club Brugge,3,1,1,0,0,1,0,1,3
2003,1,3,Lierse SK,30,1,1,0,0,1,0,1,3
2003,1,6,Exc. Mouscron,224,1,0,1,0,2,2,0,1
2003,1,6,Standard Luik,16,1,0,1,0,2,2,0,1
2003,1,8,Cercle Brugge,12,1,0,1,0,0,0,0,1
2003,1,8,KVC Westerlo,867,1,0,1,0,0,0,0,1
2003,1,8,KSC Lokeren,282,1,0,1,0,0,0,0,1
2003,1,8,Heusden-Zolder,2614,1,0,1,0,0,0,0,1
2003,1,8,St-Truidense VV,373,1,0,1,0,0,0,0,1
2003,1,8,La Louviere,94,1,0,1,0,0,0,0,1
2003,1,14,KRC Genk,290,1,0,0,1,0,1,-1,0
2003,1,14,RAEC Mons,44,1,0,0,1,0,1,-1,0
2003,1,14,R Charleroi SC,22,1,0,0,1,0,1,-1,0
2003,1,17,KSK Beveren,968,1,0,0,1,2,4,-2,0
2003,1,18,Antwerp FC,1,1,0,0,1,1,3,-2,0
2002,1,1,Exc. Mouscron,224,1,1,0,0,3,0,3,3
2002,1,1,KSK Beveren,968,1,1,0,0,3,0,3,3
2002,1,3,RSC Anderlecht,35,1,1,0,0,2,0,2,3
2002,1,4,KSC Lokeren,282,1,1,0,0,3,2,1,3
2002,1,4,Germ. Beerschot,3530,1,1,0,0,3,2,1,3
2002,1,6,Club Brugge,3,1,1,0,0,2,1,1,3
2002,1,7,KV Mechelen,25,1,1,0,0,1,0,1,3
2002,1,8,KAA Gent,7,1,0,1,0,0,0,0,1
2002,1,8,Antwerp FC,1,1,0,1,0,0,0,0,1
2002,1,10,Lierse SK,30,0,0,0,0,0,0,0,0
2002,1,10,Lommel SK,1986,0,0,0,0,0,0,0,0
2002,1,12,St-Truidense VV,373,1,0,0,1,2,3,-1,0
2002,1,12,KRC Genk,290,1,0,0,1,2,3,-1,0
2002,1,14,La Louviere,94,1,0,0,1,1,2,-1,0
2002,1,15,R Charleroi SC,22,1,0,0,1,0,1,-1,0
2002,1,16,KVC Westerlo,867,1,0,0,1,0,2,-2,0
2002,1,17,RAEC Mons,44,1,0,0,1,0,3,-3,0
2002,1,17,Standard Luik,16,1,0,0,1,0,3,-3,0
2001,1,1,Germ. Beerschot,3530,1,1,0,0,8,2,6,3
2001,1,2,Exc. Mouscron,224,1,1,0,0,5,0,5,3
2001,1,3,KRC Genk,290,1,1,0,0,5,1,4,3
2001,1,4,RSC Anderlecht,35,1,1,0,0,3,0,3,3
2001,1,5,KAA Gent,7,1,1,0,0,4,2,2,3
2001,1,5,Club Brugge,3,1,1,0,0,4,2,2,3
2001,1,7,Lommel SK,1986,1,1,0,0,1,0,1,3
2001,1,8,Lierse SK,30,1,0,1,0,1,1,0,1
2001,1,8,KSC Lokeren,282,1,0,1,0,1,1,0,1
2001,1,10,Standard Luik,16,1,0,1,0,0,0,0,1
2001,1,10,R Charleroi SC,22,1,0,1,0,0,0,0,1
2001,1,12,RWD Molenbeek,47,1,0,0,1,0,1,-1,0
2001,1,13,KVC Westerlo,867,1,0,0,1,2,4,-2,0
2001,1,13,St-Truidense VV,373,1,0,0,1,2,4,-2,0
2001,1,15,Antwerp FC,1,1,0,0,1,0,3,-3,0
2001,1,16,KSK Beveren,968,1,0,0,1,1,5,-4,0
2001,1,17,Eendracht Aalst,90,1,0,0,1,0,5,-5,0
2001,1,18,La Louviere,94,1,0,0,1,2,8,-6,0
2000,1,1,Club Brugge,3,1,1,0,0,6,2,4,3
2000,1,2,Exc. Mouscron,224,1,1,0,0,3,0,3,3
2000,1,3,Lierse SK,30,1,1,0,0,3,1,2,3
2000,1,4,Standard Luik,16,1,1,0,0,4,3,1,3
2000,1,5,KVC Westerlo,867,1,1,0,0,2,1,1,3
2000,1,5,R Charleroi SC,22,1,1,0,0,2,1,1,3
2000,1,7,La Louviere,94,1,0,1,0,0,0,0,1
2000,1,7,KRC Genk,290,1,0,1,0,0,0,0,1
2000,1,7,RSC Anderlecht,35,1,0,1,0,0,0,0,1
2000,1,7,KSC Lokeren,282,1,0,1,0,0,0,0,1
2000,1,7,St-Truidense VV,373,1,0,1,0,0,0,0,1
2000,1,7,KV Mechelen,25,1,0,1,0,0,0,0,1
2000,1,13,KRC Harelbeke,1615,1,0,0,1,3,4,-1,0
2000,1,14,Antwerp FC,1,1,0,0,1,1,2,-1,0
2000,1,14,KSK Beveren,968,1,0,0,1,1,2,-1,0
2000,1,16,Eendracht Aalst,90,1,0,0,1,1,3,-2,0
2000,1,17,Germ. Beerschot,3530,1,0,0,1,0,3,-3,0
2000,1,18,KAA Gent,7,1,0,0,1,2,6,-4,0
1999,1,1,KAA Gent,7,1,1,0,0,5,1,4,3
1999,1,2,Club Brugge,3,1,1,0,0,4,0,4,3
1999,1,3,Lierse SK,30,1,1,0,0,3,1,2,3
1999,1,4,Eendracht Aalst,90,1,1,0,0,2,0,2,3
1999,1,5,RSC Anderlecht,35,1,1,0,0,3,2,1,3
1999,1,6,Standard Luik,16,1,1,0,0,2,1,1,3
1999,1,6,R Charleroi SC,22,1,1,0,0,2,1,1,3
1999,1,8,Lommel SK,1986,1,1,0,0,1,0,1,3
1999,1,9,KRC Genk,290,1,0,1,0,6,6,0,1
1999,1,9,KVC Westerlo,867,1,0,1,0,6,6,0,1
1999,1,11,Exc. Mouscron,224,1,0,0,1,2,3,-1,0
1999,1,12,KV Mechelen,25,1,0,0,1,1,2,-1,0
1999,1,12,KRC Harelbeke,1615,1,0,0,1,1,2,-1,0
1999,1,14,KSC Lokeren,282,1,0,0,1,0,1,-1,0
1999,1,15,Germ. Beerschot,3530,1,0,0,1,1,3,-2,0
1999,1,16,KSK Beveren,968,1,0,0,1,0,2,-2,0
1999,1,17,KFCV Geel,395,1,0,0,1,1,5,-4,0
1999,1,18,St-Truidense VV,373,1,0,0,1,0,4,-4,0
1998,1,1,KVC Westerlo,867,1,1,0,0,3,0,3,3
1998,1,2,Club Brugge,3,1,1,0,0,2,0,2,3
1998,1,2,KSC Lokeren,282,1,1,0,0,2,0,2,3
1998,1,2,Exc. Mouscron,224,1,1,0,0,2,0,2,3
1998,1,5,Lommel SK,1986,1,1,0,0,2,1,1,3
1998,1,5,KV Oostende,31,1,1,0,0,2,1,1,3
1998,1,5,KAA Gent,7,1,1,0,0,2,1,1,3
1998,1,8,KRC Harelbeke,1615,1,1,0,0,1,0,1,3
1998,1,9,RSC Anderlecht,35,1,0,1,0,1,1,0,1
1998,1,9,R Charleroi SC,22,1,0,1,0,1,1,0,1
1998,1,11,Lierse SK,30,1,0,0,1,1,2,-1,0
1998,1,11,KSK Beveren,968,1,0,0,1,1,2,-1,0
1998,1,11,Standard Luik,16,1,0,0,1,1,2,-1,0
1998,1,14,KV Kortrijk,19,1,0,0,1,0,1,-1,0
1998,1,15,Eendracht Aalst,90,1,0,0,1,0,2,-2,0
1998,1,15,KRC Genk,290,1,0,0,1,0,2,-2,0
1998,1,15,St-Truidense VV,373,1,0,0,1,0,2,-2,0
1998,1,18,Germinal Ekeren,3530,1,0,0,1,0,3,-3,0
1997,1,1,Club Brugge,3,1,1,0,0,4,0,4,3
1997,1,1,KRC Genk,290,1,1,0,0,4,0,4,3
1997,1,3,KVC Westerlo,867,1,1,0,0,4,1,3,3
1997,1,4,Lierse SK,30,1,1,0,0,3,0,3,3
1997,1,5,Germinal Ekeren,3530,1,1,0,0,3,1,2,3
1997,1,6,RSC Anderlecht,35,1,1,0,0,1,0,1,3
1997,1,7,KRC Harelbeke,1615,1,0,1,0,1,1,0,1
1997,1,7,Exc. Mouscron,224,1,0,1,0,1,1,0,1
1997,1,7,Standard Luik,16,1,0,1,0,1,1,0,1
1997,1,7,Lommel SK,1986,1,0,1,0,1,1,0,1
1997,1,11,Eendracht Aalst,90,1,0,1,0,0,0,0,1
1997,1,11,KSK Beveren,968,1,0,1,0,0,0,0,1
1997,1,13,Antwerp FC,1,1,0,0,1,0,1,-1,0
1997,1,14,RWD Molenbeek,47,1,0,0,1,1,3,-2,0
1997,1,15,St-Truidense VV,373,1,0,0,1,1,4,-3,0
1997,1,16,KSC Lokeren,282,1,0,0,1,0,3,-3,0
1997,1,17,KAA Gent,7,1,0,0,1,0,4,-4,0
1997,1,17,R Charleroi SC,22,1,0,0,1,0,4,-4,0
1996,1,1,R Charleroi SC,22,1,1,0,0,3,0,3,3
1996,1,2,Standard Luik,16,1,1,0,0,2,0,2,3
1996,1,2,Exc. Mouscron,224,1,1,0,0,2,0,2,3
1996,1,4,KAA Gent,7,1,1,0,0,2,1,1,3
1996,1,5,Club Brugge,3,1,1,0,0,1,0,1,3
1996,1,5,KSC Lokeren,282,1,1,0,0,1,0,1,3
1996,1,7,RWD Molenbeek,47,1,0,1,0,0,0,0,1
1996,1,7,Eendracht Aalst,90,1,0,1,0,0,0,0,1
1996,1,7,RSC Anderlecht,35,1,0,1,0,0,0,0,1
1996,1,7,Cercle Brugge,12,1,0,1,0,0,0,0,1
1996,1,7,KV Mechelen,25,1,0,1,0,0,0,0,1
1996,1,7,Lierse SK,30,1,0,1,0,0,0,0,1
1996,1,13,Germinal Ekeren,3530,1,0,0,1,1,2,-1,0
1996,1,14,KRC Genk,290,1,0,0,1,0,1,-1,0
1996,1,14,KRC Harelbeke,1615,1,0,0,1,0,1,-1,0
1996,1,16,St-Truidense VV,373,1,0,0,1,0,2,-2,0
1996,1,16,Lommel SK,1986,1,0,0,1,0,2,-2,0
1996,1,18,Antwerp FC,1,1,0,0,1,0,3,-3,0
1995,1,1,St-Truidense VV,373,1,1,0,0,4,1,3,3
1995,1,2,R Charleroi SC,22,1,1,0,0,4,2,2,3
1995,1,3,Eendracht Aalst,90,1,1,0,0,3,1,2,3
1995,1,4,Cercle Brugge,12,1,1,0,0,3,2,1,3
1995,1,5,Club Brugge,3,1,1,0,0,2,1,1,3
1995,1,6,Standard Luik,16,1,1,0,0,1,0,1,3
1995,1,6,KRC Harelbeke,1615,1,1,0,0,1,0,1,3
1995,1,6,RWD Molenbeek,47,1,1,0,0,1,0,1,3
1995,1,9,KAA Gent,7,1,0,1,0,2,2,0,1
1995,1,9,KSV Waregem,1878,1,0,1,0,2,2,0,1
1995,1,11,Antwerp FC,1,1,0,0,1,2,3,-1,0
1995,1,12,Germinal Ekeren,3530,1,0,0,1,1,2,-1,0
1995,1,13,KSK Beveren,968,1,0,0,1,0,1,-1,0
1995,1,13,Lierse SK,30,1,0,0,1,0,1,-1,0
1995,1,13,Lommel SK,1986,1,0,0,1,0,1,-1,0
1995,1,16,KV Mechelen,25,1,0,0,1,2,4,-2,0
1995,1,17,RSC Anderlecht,35,1,0,0,1,1,3,-2,0
1995,1,18,RFC Seraing,167,1,0,0,1,1,4,-3,0
1994,1,1,Standard Luik,16,1,1,0,0,3,1,2,2:0
1994,1,2,Lierse SK,30,1,1,0,0,3,2,1,2:0
1994,1,2,Eendracht Aalst,90,1,1,0,0,3,2,1,2:0
1994,1,4,RFC Seraing,167,1,1,0,0,2,1,1,2:0
1994,1,4,Cercle Brugge,12,1,1,0,0,2,1,1,2:0
1994,1,4,KAA Gent,7,1,1,0,0,2,1,1,2:0
1994,1,7,KV Mechelen,25,1,1,0,0,1,0,1,2:0
1994,1,8,RWD Molenbeek,47,1,0,1,0,1,1,0,1:1
1994,1,8,RC Luik,4,1,0,1,0,1,1,0,1:1
1994,1,8,St-Truidense VV,373,1,0,1,0,1,1,0,1:1
1994,1,8,Club Brugge,3,1,0,1,0,1,1,0,1:1
1994,1,12,Germinal Ekeren,3530,1,0,0,1,2,3,-1,0:2
1994,1,12,Lommel SK,1986,1,0,0,1,2,3,-1,0:2
1994,1,14,RSC Anderlecht,35,1,0,0,1,1,2,-1,0:2
1994,1,14,KV Oostende,31,1,0,0,1,1,2,-1,0:2
1994,1,14,KSK Beveren,968,1,0,0,1,1,2,-1,0:2
1994,1,17,R Charleroi SC,22,1,0,0,1,0,1,-1,0:2
1994,1,18,Antwerp FC,1,1,0,0,1,1,3,-2,0:2
1993,1,1,Germinal Ekeren,3530,1,1,0,0,4,1,3,2:0
1993,1,2,Lommel SK,1986,1,1,0,0,3,0,3,2:0
1993,1,3,RSC Anderlecht,35,1,1,0,0,2,0,2,2:0
1993,1,3,KAA Gent,7,1,1,0,0,2,0,2,2:0
1993,1,5,R Charleroi SC,22,1,1,0,0,2,1,1,2:0
1993,1,5,Club Brugge,3,1,1,0,0,2,1,1,2:0
1993,1,7,RC Luik,4,1,1,0,0,1,0,1,2:0
1993,1,7,Standard Luik,16,1,1,0,0,1,0,1,2:0
1993,1,9,KV Oostende,31,1,0,1,0,1,1,0,1:1
1993,1,9,KSK Beveren,968,1,0,1,0,1,1,0,1:1
1993,1,11,KV Mechelen,25,1,0,0,1,1,2,-1,0:2
1993,1,11,KRC Genk,290,1,0,0,1,1,2,-1,0:2
1993,1,13,RFC Seraing,167,1,0,0,1,0,1,-1,0:2
1993,1,13,Lierse SK,30,1,0,0,1,0,1,-1,0:2
1993,1,15,Cercle Brugge,12,1,0,0,1,0,2,-2,0:2
1993,1,15,Antwerp FC,1,1,0,0,1,0,2,-2,0:2
1993,1,17,RWD Molenbeek,47,1,0,0,1,1,4,-3,0:2
1993,1,18,KSV Waregem,1878,1,0,0,1,0,3,-3,0:2
1992,1,1,KV Mechelen,25,1,1,0,0,6,2,4,2:0
1992,1,2,RSC Anderlecht,35,1,1,0,0,4,0,4,2:0
1992,1,3,Antwerp FC,1,1,1,0,0,3,1,2,2:0
1992,1,4,Club Brugge,3,1,1,0,0,3,2,1,2:0
1992,1,4,Boom FC,58,1,1,0,0,3,2,1,2:0
1992,1,6,KSK Beveren,968,1,1,0,0,2,1,1,2:0
1992,1,6,KSC Lokeren,282,1,1,0,0,2,1,1,2:0
1992,1,8,R Charleroi SC,22,1,1,0,0,1,0,1,2:0
1992,1,9,KRC Genk,290,1,0,1,0,1,1,0,1:1
1992,1,9,RWD Molenbeek,47,1,0,1,0,1,1,0,1:1
1992,1,11,Germinal Ekeren,3530,1,0,0,1,2,3,-1,0:2
1992,1,11,Lierse SK,30,1,0,0,1,2,3,-1,0:2
1992,1,13,KSV Waregem,1878,1,0,0,1,1,2,-1,0:2
1992,1,13,RC Luik,4,1,0,0,1,1,2,-1,0:2
1992,1,15,KAA Gent,7,1,0,0,1,0,1,-1,0:2
1992,1,16,Standard Luik,16,1,0,0,1,1,3,-2,0:2
1992,1,17,Cercle Brugge,12,1,0,0,1,2,6,-4,0:2
1992,1,18,Lommel SK,1986,1,0,0,1,0,4,-4,0:2
1991,1,1,RSC Anderlecht,35,1,1,0,0,4,1,3,2:0
1991,1,2,Antwerp FC,1,1,1,0,0,3,0,3,2:0
1991,1,3,R Charleroi SC,22,1,1,0,0,3,1,2,2:0
1991,1,4,Club Brugge,3,1,1,0,0,2,1,1,2:0
1991,1,5,RWD Molenbeek,47,1,1,0,0,1,0,1,2:0
1991,1,5,KRC Genk,290,1,1,0,0,1,0,1,2:0
1991,1,7,Lierse SK,30,1,0,1,0,1,1,0,1:1
1991,1,7,KV Mechelen,25,1,0,1,0,1,1,0,1:1
1991,1,7,KSC Lokeren,282,1,0,1,0,1,1,0,1:1
1991,1,7,KAA Gent,7,1,0,1,0,1,1,0,1:1
1991,1,11,RC Luik,4,1,0,1,0,0,0,0,1:1
1991,1,11,Cercle Brugge,12,1,0,1,0,0,0,0,1:1
1991,1,13,Standard Luik,16,1,0,0,1,1,2,-1,0:2
1991,1,14,KSV Waregem,1878,1,0,0,1,0,1,-1,0:2
1991,1,14,KSK Beveren,968,1,0,0,1,0,1,-1,0:2
1991,1,16,Germinal Ekeren,3530,1,0,0,1,1,3,-2,0:2
1991,1,17,KV Kortrijk,19,1,0,0,1,1,4,-3,0:2
1991,1,18,Eendracht Aalst,90,1,0,0,1,0,3,-3,0:2
1990,1,1,Standard Luik,16,1,1,0,0,7,1,6,2:0
1990,1,2,KV Mechelen,25,1,1,0,0,4,0,4,2:0
1990,1,3,KAA Gent,7,1,1,0,0,6,3,3,2:0
1990,1,4,KV Kortrijk,19,1,1,0,0,4,1,3,2:0
1990,1,5,Germinal Ekeren,3530,1,1,0,0,3,0,3,2:0
1990,1,6,Club Brugge,3,1,1,0,0,2,0,2,2:0
1990,1,7,KRC Genk,290,1,1,0,0,1,0,1,2:0
1990,1,7,R Charleroi SC,22,1,1,0,0,1,0,1,2:0
1990,1,9,RSC Anderlecht,35,1,0,1,0,0,0,0,1:1
1990,1,9,Cercle Brugge,12,1,0,1,0,0,0,0,1:1
1990,1,11,KSV Waregem,1878,1,0,0,1,0,1,-1,0:2
1990,1,11,RC Luik,4,1,0,0,1,0,1,-1,0:2
1990,1,13,RWD Molenbeek,47,1,0,0,1,0,2,-2,0:2
1990,1,14,St-Truidense VV,373,1,0,0,1,3,6,-3,0:2
1990,1,15,Antwerp FC,1,1,0,0,1,1,4,-3,0:2
1990,1,16,KSC Lokeren,282,1,0,0,1,0,3,-3,0:2
1990,1,17,Lierse SK,30,1,0,0,1,0,4,-4,0:2
1990,1,18,VAC Beerschot,13,1,0,0,1,1,7,-6,0:2
1989,1,1,RSC Anderlecht,35,1,1,0,0,6,0,6,2:0
1989,1,2,R Charleroi SC,22,1,1,0,0,3,0,3,2:0
1989,1,2,KV Mechelen,25,1,1,0,0,3,0,3,2:0
1989,1,4,KV Kortrijk,19,1,1,0,0,3,1,2,2:0
1989,1,5,Cercle Brugge,12,1,1,0,0,1,0,1,2:0
1989,1,6,Standard Luik,16,1,0,1,0,1,1,0,1:1
1989,1,6,St-Truidense VV,373,1,0,1,0,1,1,0,1:1
1989,1,6,Club Brugge,3,1,0,1,0,1,1,0,1:1
1989,1,6,KSK Beveren,968,1,0,1,0,1,1,0,1:1
1989,1,10,Antwerp FC,1,1,0,1,0,0,0,0,1:1
1989,1,10,VAC Beerschot,13,1,0,1,0,0,0,0,1:1
1989,1,10,KSC Lokeren,282,1,0,1,0,0,0,0,1:1
1989,1,10,Lierse SK,30,1,0,1,0,0,0,0,1:1
1989,1,14,RC Luik,4,1,0,0,1,0,1,-1,0:2
1989,1,15,Germinal Ekeren,3530,1,0,0,1,1,3,-2,0:2
1989,1,16,KAA Gent,7,1,0,0,1,0,3,-3,0:2
1989,1,16,Racing Mechelen,24,1,0,0,1,0,3,-3,0:2
1989,1,18,KSV Waregem,1878,1,0,0,1,0,6,-6,0:2
1988,1,1,KSC Lokeren,282,1,1,0,0,4,0,4,2:0
1988,1,1,KV Mechelen,25,1,1,0,0,4,0,4,2:0
1988,1,3,RSC Anderlecht,35,1,1,0,0,3,0,3,2:0
1988,1,3,RC Luik,4,1,1,0,0,3,0,3,2:0
1988,1,3,St-Truidense VV,373,1,1,0,0,3,0,3,2:0
1988,1,6,Club Brugge,3,1,1,0,0,2,0,2,2:0
1988,1,6,KSV Waregem,1878,1,1,0,0,2,0,2,2:0
1988,1,8,Antwerp FC,1,1,0,1,0,2,2,0,1:1
1988,1,8,KSK Beveren,968,1,0,1,0,2,2,0,1:1
1988,1,10,Lierse SK,30,1,0,1,0,1,1,0,1:1
1988,1,10,KV Kortrijk,19,1,0,1,0,1,1,0,1:1
1988,1,12,Racing Mechelen,24,1,0,0,1,0,2,-2,0:2
1988,1,12,Standard Luik,16,1,0,0,1,0,2,-2,0:2
1988,1,14,R Charleroi SC,22,1,0,0,1,0,3,-3,0:2
1988,1,14,KRC Genk,290,1,0,0,1,0,3,-3,0:2
1988,1,14,RWD Molenbeek,47,1,0,0,1,0,3,-3,0:2
1988,1,17,Cercle Brugge,12,1,0,0,1,0,4,-4,0:2
1988,1,17,VAC Beerschot,13,1,0,0,1,0,4,-4,0:2
1987,1,1,Antwerp FC,1,1,1,0,0,3,0,3,2:0
1987,1,2,RC Luik,4,1,1,0,0,2,0,2,2:0
1987,1,3,Racing Jet,4549,1,1,0,0,2,1,1,2:0
1987,1,4,Club Brugge,3,1,1,0,0,1,0,1,2:0
1987,1,4,RSC Anderlecht,35,1,1,0,0,1,0,1,2:0
1987,1,4,KSC Lokeren,282,1,1,0,0,1,0,1,2:0
1987,1,7,KSV Waregem,1878,1,0,1,0,1,1,0,1:1
1987,1,7,RWD Molenbeek,47,1,0,1,0,1,1,0,1:1
1987,1,9,Cercle Brugge,12,1,0,1,0,0,0,0,1:1
1987,1,9,VAC Beerschot,13,1,0,1,0,0,0,0,1:1
1987,1,9,St-Truidense VV,373,1,0,1,0,0,0,0,1:1
1987,1,9,KV Mechelen,25,1,0,1,0,0,0,0,1:1
1987,1,13,Standard Luik,16,1,0,0,1,1,2,-1,0:2
1987,1,14,KAA Gent,7,1,0,0,1,0,1,-1,0:2
1987,1,14,R Charleroi SC,22,1,0,0,1,0,1,-1,0:2
1987,1,14,KSK Beveren,968,1,0,0,1,0,1,-1,0:2
1987,1,17,KFC Winterslag,322,1,0,0,1,0,2,-2,0:2
1987,1,18,KV Kortrijk,19,1,0,0,1,0,3,-3,0:2
1986,1,1,Club Brugge,3,1,1,0,0,8,0,8,2:0
1986,1,2,Standard Luik,16,1,1,0,0,5,0,5,2:0
1986,1,3,RSC Anderlecht,35,1,1,0,0,3,1,2,2:0
1986,1,4,KV Kortrijk,19,1,1,0,0,3,2,1,2:0
1986,1,5,Racing Jet,4549,1,0,1,0,1,1,0,1:1
1986,1,5,RC Luik,4,1,0,1,0,1,1,0,1:1
1986,1,5,RWD Molenbeek,47,1,0,1,0,1,1,0,1:1
1986,1,5,Antwerp FC,1,1,0,1,0,1,1,0,1:1
1986,1,5,VAC Beerschot,13,1,0,1,0,1,1,0,1:1
1986,1,5,KSC Lokeren,282,1,0,1,0,1,1,0,1:1
1986,1,5,KV Mechelen,25,1,0,1,0,1,1,0,1:1
1986,1,5,R Charleroi SC,22,1,0,1,0,1,1,0,1:1
1986,1,13,KSK Beveren,968,1,0,1,0,0,0,0,1:1
1986,1,13,Berchem Sport,28,1,0,1,0,0,0,0,1:1
1986,1,15,Cercle Brugge,12,1,0,0,1,2,3,-1,0:2
1986,1,16,RFC Seraing,167,1,0,0,1,1,3,-2,0:2
1986,1,17,KAA Gent,7,1,0,0,1,0,5,-5,0:2
1986,1,18,KSV Waregem,1878,1,0,0,1,0,8,-8,0:2
1985,1,1,RSC Anderlecht,35,1,1,0,0,4,0,4,2:0
1985,1,2,Antwerp FC,1,1,1,0,0,4,2,2,2:0
1985,1,3,Waterschei THOR,553,1,1,0,0,2,1,1,2:0
1985,1,3,Standard Luik,16,1,1,0,0,2,1,1,2:0
1985,1,3,RFC Seraing,167,1,1,0,0,2,1,1,2:0
1985,1,6,KSC Lokeren,282,1,0,1,0,1,1,0,1:1
1985,1,6,VAC Beerschot,13,1,0,1,0,1,1,0,1:1
1985,1,6,RWD Molenbeek,47,1,0,1,0,1,1,0,1:1
1985,1,6,Lierse SK,30,1,0,1,0,1,1,0,1:1
1985,1,10,Club Brugge,3,1,0,1,0,0,0,0,1:1
1985,1,10,KSV Waregem,1878,1,0,1,0,0,0,0,1:1
1985,1,10,RC Luik,4,1,0,1,0,0,0,0,1:1
1985,1,10,R Charleroi SC,22,1,0,1,0,0,0,0,1:1
1985,1,14,Cercle Brugge,12,1,0,0,1,1,2,-1,0:2
1985,1,14,KV Kortrijk,19,1,0,0,1,1,2,-1,0:2
1985,1,14,KV Mechelen,25,1,0,0,1,1,2,-1,0:2
1985,1,17,KSK Beveren,968,1,0,0,1,2,4,-2,0:2
1985,1,18,KAA Gent,7,1,0,0,1,0,4,-4,0:2
1984,1,1,RSC Anderlecht,35,1,1,0,0,9,2,7,2:0
1984,1,2,KSK Beveren,968,1,1,0,0,3,1,2,2:0
1984,1,3,Club Brugge,3,1,1,0,0,2,0,2,2:0
1984,1,4,Standard Luik,16,1,1,0,0,3,2,1,2:0
1984,1,5,RFC Seraing,167,1,0,1,0,3,3,0,1:1
1984,1,5,KAA Gent,7,1,0,1,0,3,3,0,1:1
1984,1,7,Antwerp FC,1,1,0,1,0,2,2,0,1:1
1984,1,7,K. St-Niklase SK,221,1,0,1,0,2,2,0,1:1
1984,1,9,KSC Lokeren,282,1,0,1,0,1,1,0,1:1
1984,1,9,KV Mechelen,25,1,0,1,0,1,1,0,1:1
1984,1,11,KV Kortrijk,19,1,0,1,0,0,0,0,1:1
1984,1,11,Cercle Brugge,12,1,0,1,0,0,0,0,1:1
1984,1,11,RC Luik,4,1,0,1,0,0,0,0,1:1
1984,1,11,Waterschei THOR,553,1,0,1,0,0,0,0,1:1
1984,1,15,KSV Waregem,1878,1,0,0,1,2,3,-1,0:2
1984,1,16,VAC Beerschot,13,1,0,0,1,1,3,-2,0:2
1984,1,17,Lierse SK,30,1,0,0,1,0,2,-2,0:2
1984,1,18,Racing Jet,4549,1,0,0,1,2,9,-7,0:2
1983,1,1,KSC Lokeren,282,1,1,0,0,4,1,3,2:0
1983,1,2,Standard Luik,16,1,1,0,0,2,0,2,2:0
1983,1,3,VAC Beerschot,13,1,1,0,0,2,1,1,2:0
1983,1,4,RFC Seraing,167,1,1,0,0,1,0,1,2:0
1983,1,4,KV Kortrijk,19,1,1,0,0,1,0,1,2:0
1983,1,4,KSK Beveren,968,1,1,0,0,1,0,1,2:0
1983,1,7,KV Mechelen,25,1,0,1,0,1,1,0,1:1
1983,1,7,Waterschei THOR,553,1,0,1,0,1,1,0,1:1
1983,1,7,Club Brugge,3,1,0,1,0,1,1,0,1:1
1983,1,7,KSV Waregem,1878,1,0,1,0,1,1,0,1:1
1983,1,11,Antwerp FC,1,1,0,1,0,0,0,0,1:1
1983,1,11,RWD Molenbeek,47,1,0,1,0,0,0,0,1:1
1983,1,13,RSC Anderlecht,35,1,0,0,1,1,2,-1,0:2
1983,1,14,Cercle Brugge,12,1,0,0,1,0,1,-1,0:2
1983,1,14,RC Luik,4,1,0,0,1,0,1,-1,0:2
1983,1,14,Lierse SK,30,1,0,0,1,0,1,-1,0:2
1983,1,17,KAA Gent,7,1,0,0,1,0,2,-2,0:2
1983,1,18,Beringen FC,396,1,0,0,1,1,4,-3,0:2
1982,1,1,RSC Anderlecht,35,1,1,0,0,4,2,2,2:0
1982,1,2,KSV Waregem,1878,1,1,0,0,2,0,2,2:0
1982,1,2,KSK Beveren,968,1,1,0,0,2,0,2,2:0
1982,1,2,Antwerp FC,1,1,1,0,0,2,0,2,2:0
1982,1,5,Standard Luik,16,1,1,0,0,2,1,1,2:0
1982,1,5,RWD Molenbeek,47,1,1,0,0,2,1,1,2:0
1982,1,7,Lierse SK,30,1,1,0,0,1,0,1,2:0
1982,1,7,VAC Beerschot,13,1,1,0,0,1,0,1,2:0
1982,1,9,RC Luik,4,1,0,1,0,0,0,0,1:1
1982,1,9,RFC Seraing,167,1,0,1,0,0,0,0,1:1
1982,1,11,Club Brugge,3,1,0,0,1,1,2,-1,0:2
1982,1,11,KAA Gent,7,1,0,0,1,1,2,-1,0:2
1982,1,13,KSK Tongeren,54,1,0,0,1,0,1,-1,0:2
1982,1,13,KFC Winterslag,322,1,0,0,1,0,1,-1,0:2
1982,1,15,Cercle Brugge,12,1,0,0,1,2,4,-2,0:2
1982,1,16,KV Kortrijk,19,1,0,0,1,0,2,-2,0:2
1982,1,16,KSC Lokeren,282,1,0,0,1,0,2,-2,0:2
1982,1,16,Waterschei THOR,553,1,0,0,1,0,2,-2,0:2
1981,1,1,Club Brugge,3,1,1,0,0,4,1,3,2:0
1981,1,2,KFC Winterslag,322,1,1,0,0,3,1,2,2:0
1981,1,2,Lierse SK,30,1,1,0,0,3,1,2,2:0
1981,1,4,KSK Beveren,968,1,1,0,0,2,0,2,2:0
1981,1,5,KSK Tongeren,54,1,1,0,0,2,1,1,2:0
1981,1,5,Beringen FC,396,1,1,0,0,2,1,1,2:0
1981,1,7,Cercle Brugge,12,1,0,1,0,2,2,0,1:1
1981,1,7,Standard Luik,16,1,0,1,0,2,2,0,1:1
1981,1,9,Antwerp FC,1,1,0,1,0,1,1,0,1:1
1981,1,9,KSC Lokeren,282,1,0,1,0,1,1,0,1:1
1981,1,9,KSV Waregem,1878,1,0,1,0,1,1,0,1:1
1981,1,9,RSC Anderlecht,35,1,0,1,0,1,1,0,1:1
1981,1,13,RWD Molenbeek,47,1,0,0,1,1,2,-1,0:2
1981,1,13,KV Mechelen,25,1,0,0,1,1,2,-1,0:2
1981,1,15,KAA Gent,7,1,0,0,1,1,3,-2,0:2
1981,1,15,Waterschei THOR,553,1,0,0,1,1,3,-2,0:2
1981,1,17,KV Kortrijk,19,1,0,0,1,0,2,-2,0:2
1981,1,18,RC Luik,4,1,0,0,1,1,4,-3,0:2
1980,1,1,Cercle Brugge,12,1,1,0,0,4,1,3,2:0
1980,1,2,RSC Anderlecht,35,1,1,0,0,4,2,2,2:0
1980,1,3,Club Brugge,3,1,1,0,0,2,0,2,2:0
1980,1,3,Berchem Sport,28,1,1,0,0,2,0,2,2:0
1980,1,5,KSC Lokeren,282,1,1,0,0,1,0,1,2:0
1980,1,5,RWD Molenbeek,47,1,1,0,0,1,0,1,2:0
1980,1,5,KSK Beveren,968,1,1,0,0,1,0,1,2:0
1980,1,8,Standard Luik,16,1,0,1,0,2,2,0,1:1
1980,1,8,Beringen FC,396,1,0,1,0,2,2,0,1:1
1980,1,10,Lierse SK,30,1,0,1,0,0,0,0,1:1
1980,1,10,Antwerp FC,1,1,0,1,0,0,0,0,1:1
1980,1,12,KAA Gent,7,1,0,0,1,0,1,-1,0:2
1980,1,12,RC Luik,4,1,0,0,1,0,1,-1,0:2
1980,1,12,KFC Winterslag,322,1,0,0,1,0,1,-1,0:2
1980,1,15,Waterschei THOR,553,1,0,0,1,2,4,-2,0:2
1980,1,16,KSV Waregem,1878,1,0,0,1,0,2,-2,0:2
1980,1,16,VAC Beerschot,13,1,0,0,1,0,2,-2,0:2
1980,1,18,KV Kortrijk,19,1,0,0,1,1,4,-3,0:2
1979,1,1,KSK Beveren,968,1,1,0,0,3,0,3,2:0
1979,1,1,KSV Waregem,1878,1,1,0,0,3,0,3,2:0
1979,1,3,R Charleroi SC,22,1,1,0,0,2,0,2,2:0
1979,1,4,KSC Lokeren,282,1,1,0,0,2,1,1,2:0
1979,1,4,Cercle Brugge,12,1,1,0,0,2,1,1,2:0
1979,1,6,Club Brugge,3,1,1,0,0,1,0,1,2:0
1979,1,7,Waterschei THOR,553,1,0,1,0,1,1,0,1:1
1979,1,7,KSC Hasselt,37,1,0,1,0,1,1,0,1:1
1979,1,7,Berchem Sport,28,1,0,1,0,1,1,0,1:1
1979,1,7,Standard Luik,16,1,0,1,0,1,1,0,1:1
1979,1,7,Beringen FC,396,1,0,1,0,1,1,0,1:1
1979,1,7,VAC Beerschot,13,1,0,1,0,1,1,0,1:1
1979,1,13,Lierse SK,30,1,0,0,1,1,2,-1,0:2
1979,1,13,RSC Anderlecht,35,1,0,0,1,1,2,-1,0:2
1979,1,15,Antwerp FC,1,1,0,0,1,0,1,-1,0:2
1979,1,16,RC Luik,4,1,0,0,1,0,2,-2,0:2
1979,1,17,RWD Molenbeek,47,1,0,0,1,0,3,-3,0:2
1979,1,17,KFC Winterslag,322,1,0,0,1,0,3,-3,0:2
1978,1,1,KSK Beveren,968,1,1,0,0,3,0,3,2:0
1978,1,1,Antwerp FC,1,1,1,0,0,3,0,3,2:0
1978,1,3,RFC Luik,4,1,1,0,0,2,0,2,2:0
1978,1,4,RSC Anderlecht,35,1,1,0,0,2,1,1,2:0
1978,1,5,KSV Waregem,1878,1,1,0,0,1,0,1,2:0
1978,1,5,Beringen FC,396,1,1,0,0,1,0,1,2:0
1978,1,7,Club Brugge,3,1,0,1,0,1,1,0,1:1
1978,1,7,Berchem Sport,28,1,0,1,0,1,1,0,1:1
1978,1,9,KV Kortrijk,19,1,0,1,0,0,0,0,1:1
1978,1,9,Standard Luik,16,1,0,1,0,0,0,0,1:1
1978,1,9,Waterschei THOR,553,1,0,1,0,0,0,0,1:1
1978,1,9,La Louviere,94,1,0,1,0,0,0,0,1:1
1978,1,13,Beerschot VAV,13,1,0,0,1,1,2,-1,0:2
1978,1,14,R Charleroi SC,22,1,0,0,1,0,1,-1,0:2
1978,1,14,KSC Lokeren,282,1,0,0,1,0,1,-1,0:2
1978,1,16,KFC Winterslag,322,1,0,0,1,0,2,-2,0:2
1978,1,17,RWD Molenbeek,47,1,0,0,1,0,3,-3,0:2
1978,1,17,Lierse SK,30,1,0,0,1,0,3,-3,0:2
1977,1,1,RSC Anderlecht,35,1,1,0,0,3,0,3,2:0
1977,1,1,KFC Winterslag,322,1,1,0,0,3,0,3,2:0
1977,1,3,KSC Lokeren,282,1,1,0,0,4,2,2,2:0
1977,1,4,Standard Luik,16,1,1,0,0,3,1,2,2:0
1977,1,5,KV Kortrijk,19,1,1,0,0,1,0,1,2:0
1977,1,5,R Charleroi SC,22,1,1,0,0,1,0,1,2:0
1977,1,7,Antwerp FC,1,1,0,1,0,2,2,0,1:1
1977,1,7,Club Brugge,3,1,0,1,0,2,2,0,1:1
1977,1,7,RWD Molenbeek,47,1,0,1,0,2,2,0,1:1
1977,1,7,Boom FC,58,1,0,1,0,2,2,0,1:1
1977,1,11,Cercle Brugge,12,1,0,1,0,1,1,0,1:1
1977,1,11,Beerschot VAV,13,1,0,1,0,1,1,0,1:1
1977,1,13,KSV Waregem,1878,1,0,0,1,0,1,-1,0:2
1977,1,13,Beringen FC,396,1,0,0,1,0,1,-1,0:2
1977,1,15,La Louviere,94,1,0,0,1,2,4,-2,0:2
1977,1,16,RFC Luik,4,1,0,0,1,1,3,-2,0:2
1977,1,17,Lierse SK,30,1,0,0,1,0,3,-3,0:2
1977,1,17,SK Beveren-Waes,2300,1,0,0,1,0,3,-3,0:2
1976,1,1,Beerschot VAV,13,1,1,0,0,6,2,4,2:0
1976,1,2,Club Brugge,3,1,1,0,0,2,0,2,2:0
1976,1,3,Antwerp FC,1,1,1,0,0,2,1,1,2:0
1976,1,3,R Charleroi SC,22,1,1,0,0,2,1,1,2:0
1976,1,5,KV Mechelen,25,1,1,0,0,1,0,1,2:0
1976,1,5,KSC Lokeren,282,1,1,0,0,1,0,1,2:0
1976,1,7,RFC Luik,4,1,0,1,0,1,1,0,1:1
1976,1,7,RSC Anderlecht,35,1,0,1,0,1,1,0,1:1
1976,1,7,KV Kortrijk,19,1,0,1,0,1,1,0,1:1
1976,1,7,Cercle Brugge,12,1,0,1,0,1,1,0,1:1
1976,1,11,RWD Molenbeek,47,1,0,1,0,0,0,0,1:1
1976,1,11,Standard Luik,16,1,0,1,0,0,0,0,1:1
1976,1,13,SK Beveren-Waes,2300,1,0,0,1,1,2,-1,0:2
1976,1,13,Beringen FC,396,1,0,0,1,1,2,-1,0:2
1976,1,15,KFC Winterslag,322,1,0,0,1,0,1,-1,0:2
1976,1,15,AS Oostende KM,53,1,0,0,1,0,1,-1,0:2
1976,1,17,KSV Waregem,1878,1,0,0,1,0,2,-2,0:2
1976,1,18,Lierse SK,30,1,0,0,1,2,6,-4,0:2
1975,1,1,RWD Molenbeek,47,1,1,0,0,4,0,4,2:0
1975,1,2,Lierse SK,30,1,1,0,0,3,0,3,2:0
1975,1,3,Berchem Sport,28,1,1,0,0,2,0,2,2:0
1975,1,3,KSV Waregem,1878,1,1,0,0,2,0,2,2:0
1975,1,5,KSC Lokeren,282,1,1,0,0,2,1,1,2:0
1975,1,5,AS Oostende KM,53,1,1,0,0,2,1,1,2:0
1975,1,7,SK Beveren-Waes,2300,1,1,0,0,1,0,1,2:0
1975,1,7,Antwerp FC,1,1,1,0,0,1,0,1,2:0
1975,1,9,Beerschot VAV,13,1,0,1,0,1,1,0,1:1
1975,1,9,Club Brugge,3,1,0,1,0,1,1,0,1:1
1975,1,11,KV Mechelen,25,0,0,0,0,0,0,0,0:0
1975,1,12,RFC Luik,4,1,0,0,1,1,2,-1,0:2
1975,1,12,Cercle Brugge,12,1,0,0,1,1,2,-1,0:2
1975,1,14,La Louviere,94,1,0,0,1,0,1,-1,0:2
1975,1,14,Standard Luik,16,1,0,0,1,0,1,-1,0:2
1975,1,16,RSC Anderlecht,35,1,0,0,1,0,2,-2,0:2
1975,1,16,Racing Mechelen,24,1,0,0,1,0,2,-2,0:2
1975,1,18,R Charleroi SC,22,1,0,0,1,0,3,-3,0:2
1975,1,19,Beringen FC,396,1,0,0,1,0,4,-4,0:2
1974,1,1,Antwerp FC,1,1,1,0,0,2,0,2,2:0
1974,1,1,Lierse SK,30,1,1,0,0,2,0,2,2:0
1974,1,3,Standard Luik,16,1,1,0,0,3,2,1,2:0
1974,1,4,RWD Molenbeek,47,1,1,0,0,1,0,1,2:0
1974,1,4,KV Mechelen,25,1,1,0,0,1,0,1,2:0
1974,1,4,Beerschot VAV,13,1,1,0,0,1,0,1,2:0
1974,1,4,R Charleroi SC,22,1,1,0,0,1,0,1,2:0
1974,1,8,Club Brugge,3,1,0,1,0,1,1,0,1:1
1974,1,8,KSC Lokeren,282,1,0,1,0,1,1,0,1:1
1974,1,8,Cercle Brugge,12,1,0,1,0,1,1,0,1:1
1974,1,8,SK Beveren-Waes,2300,1,0,1,0,1,1,0,1:1
1974,1,12,RSC Anderlecht,35,1,0,1,0,0,0,0,1:1
1974,1,12,KSV Waregem,1878,1,0,1,0,0,0,0,1:1
1974,1,14,KFC Winterslag,322,1,0,0,1,2,3,-1,0:2
1974,1,15,Mont.-sur-Sambre,246,1,0,0,1,0,1,-1,0:2
1974,1,15,Berchem Sport,28,1,0,0,1,0,1,-1,0:2
1974,1,15,AS Oostende KM,53,1,0,0,1,0,1,-1,0:2
1974,1,15,Beringen FC,396,1,0,0,1,0,1,-1,0:2
1974,1,19,RFC Luik,4,1,0,0,1,0,2,-2,0:2
1974,1,19,KFC Diest,41,1,0,0,1,0,2,-2,0:2
1973,1,1,Lierse SK,30,1,1,0,0,4,1,3,2:0
1973,1,2,RSC Anderlecht,35,1,1,0,0,3,1,2,2:0
1973,1,3,KV Mechelen,25,1,1,0,0,2,0,2,2:0
1973,1,3,Standard Luik,16,1,1,0,0,2,0,2,2:0
1973,1,5,Berchem Sport,28,1,1,0,0,2,1,1,2:0
1973,1,6,SK Beveren-Waes,2300,1,0,1,0,2,2,0,1:1
1973,1,6,RFC Luik,4,1,0,1,0,2,2,0,1:1
1973,1,8,Beerschot VAV,13,1,0,1,0,1,1,0,1:1
1973,1,8,KFC Diest,41,1,0,1,0,1,1,0,1:1
1973,1,10,Club Brugge,3,1,0,1,0,0,0,0,1:1
1973,1,10,RWD Molenbeek,47,1,0,1,0,0,0,0,1:1
1973,1,12,St-Truidense VV,373,1,0,0,1,1,2,-1,0:2
1973,1,13,KSV Waregem,1878,1,0,0,1,1,3,-2,0:2
1973,1,14,Cercle Brugge,12,1,0,0,1,0,2,-2,0:2
1973,1,14,Antwerp FC,1,1,0,0,1,0,2,-2,0:2
1973,1,16,Beringen FC,396,1,0,0,1,1,4,-3,0:2
1972,1,1,Club Brugge,3,1,1,0,0,3,1,2,2:0
1972,1,2,KV Mechelen,25,1,1,0,0,2,1,1,2:0
1972,1,3,RSC Anderlecht,35,1,1,0,0,1,0,1,2:0
1972,1,3,RRC Brüssel,47,1,1,0,0,1,0,1,2:0
1972,1,3,Standard Luik,16,1,1,0,0,1,0,1,2:0
1972,1,6,Lierse SK,30,1,0,1,0,1,1,0,1:1
1972,1,6,Berchem Sport,28,1,0,1,0,1,1,0,1:1
1972,1,8,St-Truidense VV,373,1,0,1,0,0,0,0,1:1
1972,1,8,Union SG,10,1,0,1,0,0,0,0,1:1
1972,1,8,RCC Schaerbeek,55,1,0,1,0,0,0,0,1:1
1972,1,8,Beringen FC,396,1,0,1,0,0,0,0,1:1
1972,1,12,Beerschot VAV,13,1,0,0,1,1,2,-1,0:2
1972,1,13,Cercle Brugge,12,1,0,0,1,0,1,-1,0:2
1972,1,13,Antwerp FC,1,1,0,0,1,0,1,-1,0:2
1972,1,13,RFC Luik,4,1,0,0,1,0,1,-1,0:2
1972,1,16,KFC Diest,41,1,0,0,1,1,3,-2,0:2
1971,1,1,RFC Luik,4,1,1,0,0,4,2,2,2:0
1971,1,2,Club Brugge,3,1,1,0,0,3,1,2,2:0
1971,1,2,KSV Waregem,1878,1,1,0,0,3,1,2,2:0
1971,1,4,RRC Brüssel,47,1,1,0,0,2,1,1,2:0
1971,1,5,KV Mechelen,25,1,1,0,0,1,0,1,2:0
1971,1,5,St-Truidense VV,373,1,1,0,0,1,0,1,2:0
1971,1,7,RSC Anderlecht,35,1,0,1,0,1,1,0,1:1
1971,1,7,Beerschot VAV,13,1,0,1,0,1,1,0,1:1
1971,1,7,KFC Diest,41,1,0,1,0,1,1,0,1:1
1971,1,7,RCC Schaerbeek,55,1,0,1,0,1,1,0,1:1
1971,1,11,Standard Luik,16,1,0,0,1,1,2,-1,0:2
1971,1,12,Cercle Brugge,12,1,0,0,1,0,1,-1,0:2
1971,1,12,SK Beveren-Waes,2300,1,0,0,1,0,1,-1,0:2
1971,1,14,Antwerp FC,1,1,0,0,1,2,4,-2,0:2
1971,1,15,Lierse SK,30,1,0,0,1,1,3,-2,0:2
1971,1,15,Union SG,10,1,0,0,1,1,3,-2,0:2
1970,1,1,Club Brugge,3,1,1,0,0,3,0,3,2:0
1970,1,1,RSC Anderlecht,35,1,1,0,0,3,0,3,2:0
1970,1,1,Standard Luik,16,1,1,0,0,3,0,3,2:0
1970,1,4,Antwerp FC,1,1,1,0,0,2,0,2,2:0
1970,1,5,St-Truidense VV,373,1,1,0,0,2,1,1,2:0
1970,1,6,Beerschot VAV,13,1,1,0,0,1,0,1,2:0
1970,1,7,SK Beveren-Waes,2300,1,0,1,0,0,0,0,1:1
1970,1,7,KSV Waregem,1878,1,0,1,0,0,0,0,1:1
1970,1,7,KFC Diest,41,1,0,1,0,0,0,0,1:1
1970,1,7,RCC Schaerbeek,55,1,0,1,0,0,0,0,1:1
1970,1,11,Union SG,10,1,0,0,1,1,2,-1,0:2
1970,1,12,Lierse SK,30,1,0,0,1,0,1,-1,0:2
1970,1,13,RRC Brüssel,47,1,0,0,1,0,2,-2,0:2
1970,1,14,ARA Gent,7,1,0,0,1,0,3,-3,0:2
1970,1,14,R Charleroi SC,22,1,0,0,1,0,3,-3,0:2
1970,1,14,RFC Luik,4,1,0,0,1,0,3,-3,0:2
1969,1,1,Beerschot VAV,13,1,1,0,0,3,0,3,2:0
1969,1,2,Club Brugge,3,1,1,0,0,3,1,2,2:0
1969,1,3,KSV Waregem,1878,1,1,0,0,2,0,2,2:0
1969,1,3,Union SG,10,1,1,0,0,2,0,2,2:0
1969,1,5,St-Truidense VV,373,1,1,0,0,2,1,1,2:0
1969,1,6,SK Beveren-Waes,2300,1,1,0,0,1,0,1,2:0
1969,1,7,R Charleroi SC,22,1,0,1,0,1,1,0,1:1
1969,1,7,Lierse SK,30,1,0,1,0,1,1,0,1:1
1969,1,7,RRC Brüssel,47,1,0,1,0,1,1,0,1:1
1969,1,7,Beringen FC,396,1,0,1,0,1,1,0,1:1
1969,1,11,RCC Schaerbeek,55,1,0,0,1,1,2,-1,0:2
1969,1,12,RFC Luik,4,1,0,0,1,0,1,-1,0:2
1969,1,13,RSC Anderlecht,35,1,0,0,1,1,3,-2,0:2
1969,1,14,ARA Gent,7,1,0,0,1,0,2,-2,0:2
1969,1,14,AS Oostende KM,53,1,0,0,1,0,2,-2,0:2
1969,1,16,Standard Luik,16,1,0,0,1,0,3,-3,0:2
1968,1,1,Standard Luik,16,1,1,0,0,5,1,4,2:0
1968,1,2,KV Mechelen,25,1,1,0,0,4,1,3,2:0
1968,1,3,SK Beveren-Waes,2300,1,1,0,0,3,1,2,2:0
1968,1,4,Beringen FC,396,1,1,0,0,2,0,2,2:0
1968,1,5,Club Brugge,3,1,1,0,0,2,1,1,2:0
1968,1,5,RRC Brüssel,47,1,1,0,0,2,1,1,2:0
1968,1,7,RSC Anderlecht,35,1,0,1,0,2,2,0,1:1
1968,1,7,St-Truidense VV,373,1,0,1,0,2,2,0,1:1
1968,1,9,ARA Gent,7,1,0,1,0,1,1,0,1:1
1968,1,9,R Charleroi SC,22,1,0,1,0,1,1,0,1:1
1968,1,11,Lierse SK,30,1,0,0,1,1,2,-1,0:2
1968,1,11,Beerschot VAV,13,1,0,0,1,1,2,-1,0:2
1968,1,13,RFC Luik,4,1,0,0,1,1,3,-2,0:2
1968,1,14,Daring Club,2,1,0,0,1,0,2,-2,0:2
1968,1,15,KSV Waregem,1878,1,0,0,1,1,4,-3,0:2
1968,1,16,Union SG,10,1,0,0,1,1,5,-4,0:2
1967,1,1,Club Brugge,3,1,1,0,0,4,1,3,2:0
1967,1,2,KV Mechelen,25,1,1,0,0,3,1,2,2:0
1967,1,2,Standard Luik,16,1,1,0,0,3,1,2,2:0
1967,1,4,RSC Anderlecht,35,1,1,0,0,3,2,1,2:0
1967,1,5,R Charleroi SC,22,1,1,0,0,1,0,1,2:0
1967,1,5,KSV Waregem,1878,1,1,0,0,1,0,1,2:0
1967,1,7,St-Truidense VV,373,1,0,1,0,1,1,0,1:1
1967,1,7,SK Beveren-Waes,2300,1,0,1,0,1,1,0,1:1
1967,1,7,RRC Brüssel,47,1,0,1,0,1,1,0,1:1
1967,1,7,RFC Luik,4,1,0,1,0,1,1,0,1:1
1967,1,11,Antwerp FC,1,1,0,0,1,2,3,-1,0:2
1967,1,12,Lierse SK,30,1,0,0,1,0,1,-1,0:2
1967,1,12,Beerschot AC,13,1,0,0,1,0,1,-1,0:2
1967,1,14,Olymp. Charleroi,246,1,0,0,1,1,3,-2,0:2
1967,1,14,Beringen FC,396,1,0,0,1,1,3,-2,0:2
1967,1,16,Daring Club,2,1,0,0,1,1,4,-3,0:2
1966,1,1,Beerschot AC,13,1,1,0,0,4,1,3,2:0
1966,1,2,Club Brugge,3,1,1,0,0,3,1,2,2:0
1966,1,2,Beringen FC,396,1,1,0,0,3,1,2,2:0
1966,1,4,RRC Brüssel,47,1,1,0,0,2,0,2,2:0
1966,1,5,Daring Club,2,1,1,0,0,3,2,1,2:0
1966,1,6,Antwerp FC,1,1,1,0,0,1,0,1,2:0
1966,1,7,RSC Anderlecht,35,1,0,1,0,1,1,0,1:1
1966,1,7,R Charleroi SC,22,1,0,1,0,1,1,0,1:1
1966,1,7,KV Mechelen,25,1,0,1,0,1,1,0,1:1
1966,1,7,KSV Waregem,1878,1,0,1,0,1,1,0,1:1
1966,1,11,Standard Luik,16,1,0,0,1,2,3,-1,0:2
1966,1,12,St-Truidense VV,373,1,0,0,1,0,1,-1,0:2
1966,1,13,Lierse SK,30,1,0,0,1,1,3,-2,0:2
1966,1,13,RFC Luik,4,1,0,0,1,1,3,-2,0:2
1966,1,15,ARA Gent,7,1,0,0,1,0,2,-2,0:2
1966,1,16,RFC Tilleur,21,1,0,0,1,1,4,-3,0:2
1965,1,1,RFC Luik,4,1,1,0,0,5,0,5,2:0
1965,1,2,RSC Anderlecht,35,1,1,0,0,3,1,2,2:0
1965,1,3,ARA Gent,7,1,1,0,0,2,1,1,2:0
1965,1,3,Lierse SK,30,1,1,0,0,2,1,1,2:0
1965,1,3,Beerschot AC,13,1,1,0,0,2,1,1,2:0
1965,1,6,St-Truidense VV,373,1,1,0,0,1,0,1,2:0
1965,1,7,Antwerp FC,1,1,0,1,0,2,2,0,1:1
1965,1,7,Standard Luik,16,1,0,1,0,2,2,0,1:1
1965,1,9,KV Mechelen,25,1,0,1,0,0,0,0,1:1
1965,1,9,Daring Club,2,1,0,1,0,0,0,0,1:1
1965,1,11,RRC Brüssel,47,1,0,0,1,1,2,-1,0:2
1965,1,11,Berchem Sport,28,1,0,0,1,1,2,-1,0:2
1965,1,11,RFC Tilleur,21,1,0,0,1,1,2,-1,0:2
1965,1,14,Cercle Brugge,12,1,0,0,1,0,1,-1,0:2
1965,1,15,Club Brugge,3,1,0,0,1,1,3,-2,0:2
1965,1,16,Beringen FC,396,1,0,0,1,0,5,-5,0:2
1964,1,1,RSC Anderlecht,35,1,1,0,0,6,0,6,3
1964,1,1,Club Brugge,3,1,1,0,0,6,0,6,3
1964,1,3,Standard Luik,16,1,1,0,0,5,0,5,3
1964,1,4,Beringen FC,396,1,1,0,0,3,1,2,3
1964,1,5,Lierse SK,30,1,1,0,0,2,1,1,3
1964,1,6,Beerschot AC,13,1,1,0,0,1,0,1,3
1964,1,6,Berchem Sport,28,1,1,0,0,1,0,1,3
1964,1,8,ARA Gent,7,1,0,1,0,3,3,0,1
1964,1,8,RFC Luik,4,1,0,1,0,3,3,0,1
1964,1,10,Union SG,10,1,0,0,1,1,2,-1,0
1964,1,11,St-Truidense VV,373,1,0,0,1,0,1,-1,0
1964,1,11,KFC Diest,41,1,0,0,1,0,1,-1,0
1964,1,13,RFC Tilleur,21,1,0,0,1,1,3,-2,0
1964,1,14,Cercle Brugge,12,1,0,0,1,0,5,-5,0
1964,1,15,Antwerp FC,1,1,0,0,1,0,6,-6,0
1964,1,15,Daring Club,2,1,0,0,1,0,6,-6,0
1963,1,1,RSC Anderlecht,35,1,1,0,0,2,0,2,2:0
1963,1,1,ARA Gent,7,1,1,0,0,2,0,2,2:0
1963,1,3,Antwerp FC,1,1,1,0,0,2,1,1,2:0
1963,1,3,Standard Luik,16,1,1,0,0,2,1,1,2:0
1963,1,5,Beerschot AC,13,1,1,0,0,1,0,1,2:0
1963,1,6,RFC Luik,4,1,0,1,0,2,2,0,1:1
1963,1,6,Beringen FC,396,1,0,1,0,2,2,0,1:1
1963,1,8,St-Truidense VV,373,1,0,1,0,1,1,0,1:1
1963,1,8,Cercle Brugge,12,1,0,1,0,1,1,0,1:1
1963,1,8,Club Brugge,3,1,0,1,0,1,1,0,1:1
1963,1,8,KFC Turnhout,148,1,0,1,0,1,1,0,1:1
1963,1,12,KV Mechelen,25,1,0,0,1,1,2,-1,0:2
1963,1,12,KFC Diest,41,1,0,0,1,1,2,-1,0:2
1963,1,14,Lierse SK,30,1,0,0,1,0,1,-1,0:2
1963,1,15,Berchem Sport,28,1,0,0,1,0,2,-2,0:2
1963,1,15,Daring Club,2,1,0,0,1,0,2,-2,0:2
1962,1,1,RFC Luik,4,1,1,0,0,5,0,5,2:0
1962,1,2,Beringen FC,396,1,1,0,0,5,2,3,2:0
1962,1,3,Antwerp FC,1,1,1,0,0,5,3,2,2:0
1962,1,4,Cercle Brugge,12,1,1,0,0,3,1,2,2:0
1962,1,5,RSC Anderlecht,35,1,1,0,0,2,0,2,2:0
1962,1,5,Club Brugge,3,1,1,0,0,2,0,2,2:0
1962,1,5,Daring Club,2,1,1,0,0,2,0,2,2:0
1962,1,8,Standard Luik,16,1,1,0,0,2,1,1,2:0
1962,1,9,St-Truidense VV,373,1,0,0,1,1,2,-1,0:2
1962,1,10,ARA Gent,7,1,0,0,1,3,5,-2,0:2
1962,1,11,Union SG,10,1,0,0,1,1,3,-2,0:2
1962,1,12,Beerschot AC,13,1,0,0,1,0,2,-2,0:2
1962,1,12,Olymp. Charleroi,246,1,0,0,1,0,2,-2,0:2
1962,1,12,KFC Diest,41,1,0,0,1,0,2,-2,0:2
1962,1,15,Berchem Sport,28,1,0,0,1,2,5,-3,0:2
1962,1,16,Lierse SK,30,1,0,0,1,0,5,-5,0:2
1961,1,1,RSC Anderlecht,35,1,1,0,0,6,1,5,2:0
1961,1,2,St-Truidense VV,373,1,1,0,0,3,0,3,2:0
1961,1,3,Cercle Brugge,12,1,1,0,0,3,1,2,2:0
1961,1,3,Antwerp FC,1,1,1,0,0,3,1,2,2:0
1961,1,5,Eendracht Aalst,90,1,1,0,0,3,2,1,2:0
1961,1,6,Club Brugge,3,1,1,0,0,2,1,1,2:0
1961,1,7,ARA Gent,7,1,0,1,0,2,2,0,1:1
1961,1,7,Daring Club,2,1,0,1,0,2,2,0,1:1
1961,1,9,Beerschot AC,13,1,0,1,0,1,1,0,1:1
1961,1,9,Standard Luik,16,1,0,1,0,1,1,0,1:1
1961,1,11,Lierse SK,30,1,0,0,1,2,3,-1,0:2
1961,1,12,Union SG,10,1,0,0,1,1,2,-1,0:2
1961,1,13,RFC Luik,4,1,0,0,1,1,3,-2,0:2
1961,1,13,KFC Diest,41,1,0,0,1,1,3,-2,0:2
1961,1,15,Olymp. Charleroi,246,1,0,0,1,0,3,-3,0:2
1961,1,16,Waterschei THOR,553,1,0,0,1,1,6,-5,0:2
1960,1,1,RSC Anderlecht,35,1,1,0,0,7,0,7,2:0
1960,1,2,Waterschei THOR,553,1,1,0,0,5,0,5,2:0
1960,1,3,Standard Luik,16,1,1,0,0,2,0,2,2:0
1960,1,4,Eendracht Aalst,90,1,1,0,0,3,2,1,2:0
1960,1,5,RFC Luik,4,1,1,0,0,2,1,1,2:0
1960,1,5,Union SG,10,1,1,0,0,2,1,1,2:0
1960,1,5,Daring Club,2,1,1,0,0,2,1,1,2:0
1960,1,8,Beerschot AC,13,1,1,0,0,1,0,1,2:0
1960,1,9,Antwerp FC,1,1,0,0,1,2,3,-1,0:2
1960,1,10,ARA Gent,7,1,0,0,1,1,2,-1,0:2
1960,1,10,Club Brugge,3,1,0,0,1,1,2,-1,0:2
1960,1,10,K Patro Eisden,3434,1,0,0,1,1,2,-1,0:2
1960,1,13,Verviétois,33,1,0,0,1,0,1,-1,0:2
1960,1,14,St-Truidense VV,373,1,0,0,1,0,2,-2,0:2
1960,1,15,Lierse SK,30,1,0,0,1,0,5,-5,0:2
1960,1,16,Olymp. Charleroi,246,1,0,0,1,0,7,-7,0:2
