seizoen,speeldag,datum,tijd,id_match,thuisploeg_stamnummer,thuisploeg,uitploeg_stamnummer,uitploeg,doelpunten_thuisploeg,doelpunten_uitploeg
2023,1,2023/07/28,20:45:00,4093105,50,Union Saint-Gilloise,35,RSC Anderlecht,2,0
2023,1,2023/07/29,16:00:00,4093106,1792,KAS Eupen,867,KVC Westerlo,2,2
2023,1,2023/07/29,18:15:00,4093107,29,R Charleroi SC,2495,Oud-Heverlee Leuven,1,1
2023,1,2023/07/29,20:45:00,4093108,4146,RWD Molenbeek,290,KRC Genk,0,4
2023,1,2023/07/30,13:30:00,4093109,1,R Antwerp FC,12,Cercle Brugge,1,0
2023,1,2023/07/30,16:00:00,4093110,7,KAA Gent,19,KV Kortrijk,3,2
2023,1,2023/07/30,18:30:00,4093111,3,Club Brugge,25,KV Mechelen,1,1
2023,1,2023/07/30,19:15:00,4093112,322,Sint-Truidense VV,16,Standard Luik,1,0
2022,1,2022/07/22,20:45:00,3848868,16,Standard Luik,7,KAA Gent,2,2
2022,1,2022/07/23,16:00:00,3848869,29,R Charleroi SC,1792,KAS Eupen,3,1
2022,1,2022/07/23,18:15:00,3848870,19,KV Kortrijk,2495,Oud-Heverlee Leuven,0,2
2022,1,2022/07/23,18:15:00,3848871,2159,SV Zulte Waregem,167,RFC Seraing,2,0
2022,1,2022/07/23,20:45:00,3848872,322,Sint-Truidense VV,50,Union Saint-Gilloise,1,1
2022,1,2022/07/24,13:30:00,3848873,3,Club Brugge,290,KRC Genk,3,2
2022,1,2022/07/24,16:00:00,3848874,25,KV Mechelen,1,R Antwerp FC,0,2
2022,1,2022/07/24,18:30:00,3848875,35,RSC Anderlecht,31,KV Oostende,2,0
2022,1,2022/07/24,21:00:00,3848876,867,KVC Westerlo,12,Cercle Brugge,2,0
2021,1,2021/07/23,20:45:00,3598094,16,Standard Luik,290,KRC Genk,1,1
2021,1,2021/07/24,16:15:00,3598095,2495,Oud-Heverlee Leuven,2159,SV Zulte Waregem,1,1
2021,1,2021/07/24,18:30:00,3598096,19,KV Kortrijk,167,RFC Seraing,2,0
2021,1,2021/07/24,20:45:00,3598100,31,KV Oostende,29,R Charleroi SC,0,3
2021,1,2021/07/25,13:30:00,3598097,25,KV Mechelen,1,R Antwerp FC,3,2
2021,1,2021/07/25,16:00:00,3598092,3,Club Brugge,1792,KAS Eupen,2,2
2021,1,2021/07/25,18:30:00,3598093,35,RSC Anderlecht,50,Union Saint-Gilloise,1,3
2021,1,2021/07/25,21:00:00,3598098,322,Sint-Truidense VV,7,KAA Gent,2,1
2021,1,2021/07/27,20:00:00,3598099,13,Beerschot V.A.,12,Cercle Brugge,0,1
2020,1,2020/08/08,16:30:00,3413839,3,Club Brugge,29,R Charleroi SC,0,1
2020,1,2020/08/08,19:00:00,3413840,1,R Antwerp FC,216,Royal Excel Moeskroen (-2022),1,1
2020,1,2020/08/08,19:00:00,3413841,16,Standard Luik,12,Cercle Brugge,1,0
2020,1,2020/08/09,13:30:00,3413842,322,Sint-Truidense VV,7,KAA Gent,2,1
2020,1,2020/08/09,16:00:00,3413843,2159,SV Zulte Waregem,290,KRC Genk,1,2
2020,1,2020/08/09,18:15:00,3413844,25,KV Mechelen,35,RSC Anderlecht,2,2
2020,1,2020/08/09,20:45:00,3413845,19,KV Kortrijk,1669,KVRS Waasland - SK Beveren,1,3
2020,1,2020/08/10,19:00:00,3413846,2495,Oud-Heverlee Leuven,1792,KAS Eupen,1,1
2020,1,2020/08/10,19:00:00,3413847,31,KV Oostende,13,Beerschot V.A.,1,2
2019,1,2019/07/26,20:30:00,3216663,290,KRC Genk,19,KV Kortrijk,2,1
2019,1,2019/07/27,18:00:00,3216664,12,Cercle Brugge,16,Standard Luik,0,2
2019,1,2019/07/27,20:00:00,3216665,322,Sint-Truidense VV,216,Royal Excel Moeskroen (-2022),0,1
2019,1,2019/07/27,20:00:00,3216666,2159,SV Zulte Waregem,25,KV Mechelen,0,2
2019,1,2019/07/27,20:30:00,3216667,1669,KVRS Waasland - SK Beveren,3,Club Brugge,1,3
2019,1,2019/07/28,14:30:00,3216668,35,RSC Anderlecht,31,KV Oostende,1,2
2019,1,2019/07/28,18:00:00,3216669,29,R Charleroi SC,7,KAA Gent,1,1
2019,1,2019/07/28,20:00:00,3216670,1792,KAS Eupen,1,R Antwerp FC,1,4
2018,1,2018/07/27,20:30:00,3059297,16,Standard Luik,7,KAA Gent,3,2
2018,1,2018/07/28,18:00:00,3059298,19,KV Kortrijk,35,RSC Anderlecht,1,4
2018,1,2018/07/28,20:00:00,3059299,2159,SV Zulte Waregem,1669,KVRS Waasland - SK Beveren,2,2
2018,1,2018/07/28,20:00:00,3059300,322,Sint-Truidense VV,12,Cercle Brugge,0,0
2018,1,2018/07/28,20:30:00,3059301,31,KV Oostende,216,Royal Excel Moeskroen (-2022),2,1
2018,1,2018/07/29,14:30:00,3059302,3,Club Brugge,1792,KAS Eupen,5,2
2018,1,2018/07/29,18:00:00,3059303,29,R Charleroi SC,1,R Antwerp FC,0,1
2018,1,2018/07/29,20:00:00,3059304,201,KSC Lokeren (- 2020),290,KRC Genk,0,4
2017,1,2017/07/28,20:30:00,2864876,1,R Antwerp FC,35,RSC Anderlecht,0,0
2017,1,2017/07/29,18:00:00,2864877,201,KSC Lokeren (- 2020),3,Club Brugge,0,4
2017,1,2017/07/29,20:00:00,2864878,290,KRC Genk,1669,KVRS Waasland - SK Beveren,3,3
2017,1,2017/07/29,20:00:00,2864879,1792,KAS Eupen,2159,SV Zulte Waregem,0,5
2017,1,2017/07/29,20:30:00,2864880,29,R Charleroi SC,19,KV Kortrijk,1,0
2017,1,2017/07/30,14:30:00,2864881,25,KV Mechelen,16,Standard Luik,1,1
2017,1,2017/07/30,18:00:00,2864882,322,Sint-Truidense VV,7,KAA Gent,3,2
2017,1,2017/07/30,20:00:00,2864883,31,KV Oostende,216,Royal Excel Moeskroen (-2022),0,1
2016,1,2016/07/29,20:30:00,2705347,25,KV Mechelen,3,Club Brugge,0,2
2016,1,2016/07/30,18:00:00,2705348,216,Royal Excel Moeskroen (-2022),35,RSC Anderlecht,1,2
2016,1,2016/07/30,20:00:00,2705349,322,Sint-Truidense VV,201,KSC Lokeren (- 2020),1,0
2016,1,2016/07/30,20:00:00,2705350,2159,SV Zulte Waregem,1792,KAS Eupen,3,0
2016,1,2016/07/30,20:30:00,2705351,29,R Charleroi SC,1669,KVRS Waasland - SK Beveren,1,0
2016,1,2016/07/31,14:30:00,2705352,867,KVC Westerlo,16,Standard Luik,2,2
2016,1,2016/07/31,18:00:00,2705353,290,KRC Genk,31,KV Oostende,2,1
2016,1,2016/07/31,20:00:00,2705354,19,KV Kortrijk,7,KAA Gent,1,1
2015,1,2015/07/24,20:30:00,2587022,322,Sint-Truidense VV,3,Club Brugge,2,1
2015,1,2015/07/25,18:00:00,2587023,19,KV Kortrijk,16,Standard Luik,2,1
2015,1,2015/07/25,20:00:00,2587024,290,KRC Genk,2495,Oud-Heverlee Leuven,3,1
2015,1,2015/07/25,20:00:00,2587025,31,KV Oostende,25,KV Mechelen,3,1
2015,1,2015/07/25,20:00:00,2587026,2159,SV Zulte Waregem,201,KSC Lokeren (- 2020),3,1
2015,1,2015/07/26,14:30:00,2587027,867,KVC Westerlo,7,KAA Gent,1,1
2015,1,2015/07/26,18:00:00,2587028,35,RSC Anderlecht,1669,KVRS Waasland - SK Beveren,3,2
2015,1,2015/07/26,20:00:00,2587029,29,R Charleroi SC,5,Royal Moeskroen-Péruwelz,2,1
2014,1,2014/07/25,20:30:00,2469866,16,Standard Luik,29,R Charleroi SC,3,0
2014,1,2014/07/26,18:00:00,2469867,1669,KVRS Waasland - SK Beveren,3,Club Brugge,0,2
2014,1,2014/07/26,20:00:00,2469868,12,Cercle Brugge,7,KAA Gent,0,0
2014,1,2014/07/26,20:00:00,2469869,30,Lierse SK (- 2018),31,KV Oostende,2,0
2014,1,2014/07/26,20:00:00,2469870,867,KVC Westerlo,201,KSC Lokeren (- 2020),1,0
2014,1,2014/07/27,14:30:00,2469871,25,KV Mechelen,290,KRC Genk,3,1
2014,1,2014/07/27,18:00:00,2469872,35,RSC Anderlecht,5,Royal Moeskroen-Péruwelz,3,1
2014,1,2014/07/27,20:00:00,2469873,2159,SV Zulte Waregem,19,KV Kortrijk,2,0
2013,1,2013/07/26,20:30:00,2351401,3,Club Brugge,29,R Charleroi SC,2,0
2013,1,2013/07/27,20:00:00,2351406,19,KV Kortrijk,2495,Oud-Heverlee Leuven,1,0
2013,1,2013/07/27,20:00:00,2351402,30,Lierse SK (- 2018),2159,SV Zulte Waregem,1,2
2013,1,2013/07/27,20:00:00,2351403,44,RAEC Mons (- 2015),12,Cercle Brugge,1,1
2013,1,2013/07/27,20:00:00,2351404,290,KRC Genk,31,KV Oostende,3,0
2013,1,2013/07/27,20:00:00,2351405,968,SK Beveren,7,KAA Gent,1,1
2013,1,2013/07/28,18:00:00,2351407,35,RSC Anderlecht,201,KSC Lokeren (- 2020),2,3
2013,1,2013/07/28,20:30:00,2329904,25,KV Mechelen,16,Standard Luik,0,2
2012,1,2012/07/28,18:00:00,2229916,19,KV Kortrijk,35,RSC Anderlecht,1,1
2012,1,2012/07/28,20:00:00,2229914,44,RAEC Mons (- 2015),2495,Oud-Heverlee Leuven,5,2
2012,1,2012/07/28,20:00:00,2229915,25,KV Mechelen,29,R Charleroi SC,4,2
2012,1,2012/07/28,20:00:00,2229924,1483,Beerschot AC,201,KSC Lokeren (- 2020),2,4
2012,1,2012/07/28,20:00:00,2229927,3,Club Brugge,968,SK Beveren,3,1
2012,1,2012/07/29,18:00:00,2229912,7,KAA Gent,30,Lierse SK (- 2018),2,0
2012,1,2012/07/29,18:00:00,2229913,16,Standard Luik,2159,SV Zulte Waregem,0,1
2012,1,2012/07/29,20:30:00,2229918,290,KRC Genk,12,Cercle Brugge,3,3
2011,1,2011/07/29,20:30:00,1126211,2495,Oud-Heverlee Leuven,35,RSC Anderlecht,2,1
2011,1,2011/07/30,18:00:00,1126212,44,RAEC Mons (- 2015),16,Standard Luik,1,1
2011,1,2011/07/30,20:00:00,1126213,7,KAA Gent,12,Cercle Brugge,0,1
2011,1,2011/07/30,20:00:00,1126214,290,KRC Genk,1483,Beerschot AC,3,1
2011,1,2011/07/30,20:00:00,1126215,201,KSC Lokeren (- 2020),2159,SV Zulte Waregem,0,0
2011,1,2011/07/30,20:00:00,1126216,19,KV Kortrijk,30,Lierse SK (- 2018),1,1
2011,1,2011/07/30,20:00:00,1126217,25,KV Mechelen,322,Sint-Truidense VV,2,1
2011,1,2011/07/31,20:00:00,1126218,3,Club Brugge,867,KVC Westerlo,5,0
2010,1,2010/07/30,20:30:00,1030591,16,Standard Luik,2159,SV Zulte Waregem,1,1
2010,1,2010/07/31,20:00:00,1030592,19,KV Kortrijk,3,Club Brugge,1,0
2010,1,2010/07/31,20:00:00,1030593,25,KV Mechelen,201,KSC Lokeren (- 2020),2,0
2010,1,2010/07/31,20:00:00,1030595,35,RSC Anderlecht,1792,KAS Eupen,4,1
2010,1,2010/07/31,20:00:00,1030596,322,Sint-Truidense VV,30,Lierse SK (- 2018),1,0
2010,1,2010/07/31,20:00:00,1042034,867,KVC Westerlo,7,KAA Gent,0,1
2010,1,2010/08/01,18:00:00,1030597,12,Cercle Brugge,29,R Charleroi SC,1,1
2010,1,2010/08/01,20:30:00,1030598,290,KRC Genk,13,Germinal Beerschot Antwerpen,2,1
2009,1,2009/07/31,20:30:00,955116,16,Standard Luik,322,Sint-Truidense VV,2,2
2009,1,2009/08/01,20:00:00,955117,290,KRC Genk,200,Excelsior Mouscron (- 2009),,
2009,1,2009/08/01,20:00:00,955120,134,KSV Roeselare (- 2020),13,Germinal Beerschot Antwerpen,1,1
2009,1,2009/08/01,20:00:00,955121,19,KV Kortrijk,35,RSC Anderlecht,0,2
2009,1,2009/08/01,20:00:00,955122,25,KV Mechelen,867,KVC Westerlo,4,1
2009,1,2009/08/01,20:00:00,955123,201,KSC Lokeren (- 2020),2159,SV Zulte Waregem,1,1
2009,1,2009/08/02,18:00:00,955119,29,R Charleroi SC,3,Club Brugge,1,2
2009,1,2009/08/02,20:30:00,955118,12,Cercle Brugge,7,KAA Gent,1,3
2008,1,2008/08/16,20:00:00,910831,2159,SV Zulte Waregem,201,KSC Lokeren (- 2020),0,0
2008,1,2008/08/16,20:00:00,910832,12,Cercle Brugge,35,RSC Anderlecht,0,3
2008,1,2008/08/16,20:00:00,910835,134,KSV Roeselare (- 2020),19,KV Kortrijk,2,2
2008,1,2008/08/16,20:00:00,910836,2247,AFC Tubize,200,Excelsior Mouscron (- 2009),1,2
2008,1,2008/08/16,20:00:00,910837,867,KVC Westerlo,29,R Charleroi SC,1,0
2008,1,2008/08/16,20:00:00,913424,1611,FCV Dender EH,16,Standard Luik,1,3
2008,1,2008/08/17,18:00:00,910833,7,KAA Gent,44,RAEC Mons (- 2015),5,0
2008,1,2008/08/17,20:30:00,910830,290,KRC Genk,13,Germinal Beerschot Antwerpen,1,1
2008,1,2008/09/24,20:30:00,910834,25,KV Mechelen,3,Club Brugge,1,1
2007,1,2007/08/03,20:30:00,79866,25,KV Mechelen,35,RSC Anderlecht,0,1
2007,1,2007/08/04,20:00:00,79867,29,R Charleroi SC,134,KSV Roeselare (- 2020),1,1
2007,1,2007/08/04,20:00:00,79868,3,Club Brugge,44,RAEC Mons (- 2015),2,1
2007,1,2007/08/04,20:00:00,79869,1611,FCV Dender EH,13,Germinal Beerschot Antwerpen,1,2
2007,1,2007/08/04,20:00:00,79870,1,FC Brussel,867,KVC Westerlo,0,1
2007,1,2007/08/04,20:00:00,79871,290,KRC Genk,12,Cercle Brugge,3,1
2007,1,2007/08/04,20:00:00,79872,201,KSC Lokeren (- 2020),322,Sint-Truidense VV,2,1
2007,1,2007/08/05,18:00:00,79873,200,Excelsior Mouscron (- 2009),7,KAA Gent,1,4
2007,1,2007/08/05,20:30:00,79874,2159,SV Zulte Waregem,16,Standard Luik,1,4
2006,1,2006/07/28,20:30:00,54459,3,Club Brugge,7,KAA Gent,5,0
2006,1,2006/07/29,20:00:00,54460,29,R Charleroi SC,30,Lierse SK (- 2018),0,0
2006,1,2006/07/29,20:00:00,54461,21,FC Molenbeek Brussel,44,RAEC Mons (- 2015),1,0
2006,1,2006/07/29,20:00:00,54462,290,KRC Genk,2159,SV Zulte Waregem,3,1
2006,1,2006/07/29,20:00:00,54463,13,Germinal Beerschot Antwerpen,968,KSK Beveren (- 2010),1,0
2006,1,2006/07/29,20:00:00,54464,200,Excelsior Mouscron (- 2009),12,Cercle Brugge,2,1
2006,1,2006/07/30,18:00:00,54465,201,KSC Lokeren (- 2020),16,Standard Luik,2,1
2006,1,2006/07/30,20:30:00,54466,867,KVC Westerlo,134,KSV Roeselare (- 2020),2,1
2006,1,2006/07/30,20:30:00,54467,322,Sint-Truidense VV,35,RSC Anderlecht,2,4
2005,1,2005/08/05,20:30:00,39562,3,Club Brugge,200,Excelsior Mouscron (- 2009),2,0
2005,1,2005/08/06,18:00:00,39563,16,Standard Luik,30,Lierse SK (- 2018),3,1
2005,1,2005/08/06,20:00:00,39564,867,KVC Westerlo,12,Cercle Brugge,2,0
2005,1,2005/08/06,20:00:00,39565,7,KAA Gent,2159,SV Zulte Waregem,1,3
2005,1,2005/08/06,20:00:00,39566,201,KSC Lokeren (- 2020),290,KRC Genk,1,1
2005,1,2005/08/06,20:00:00,39567,322,Sint-Truidense VV,134,KSV Roeselare (- 2020),1,0
2005,1,2005/08/06,20:00:00,39568,35,RSC Anderlecht,93,RAA La Louviere (- 2009),6,0
2005,1,2005/08/06,20:00:00,39569,968,KSK Beveren (- 2010),21,FC Molenbeek Brussel,0,2
2005,1,2005/08/07,18:00:00,39570,29,R Charleroi SC,13,Germinal Beerschot Antwerpen,2,0
2004,1,2004/08/06,20:30:00,24696,200,Excelsior Mouscron (- 2009),35,RSC Anderlecht,2,0
2004,1,2004/08/07,18:00:00,24697,968,KSK Beveren (- 2010),3,Club Brugge,1,1
2004,1,2004/08/07,20:00:00,24698,1,FC Molenbeek Brussel Strombeek,290,KRC Genk,0,1
2004,1,2004/08/07,20:00:00,24699,30,Lierse SK (- 2018),16,Standard Luik,1,1
2004,1,2004/08/07,20:00:00,24700,7,KAA Gent,13,Germinal Beerschot Antwerpen,5,0
2004,1,2004/08/07,20:00:00,24701,12,Cercle Brugge,201,KSC Lokeren (- 2020),2,2
2004,1,2004/08/07,20:00:00,24702,322,Sint-Truidense VV,44,RAEC Mons (- 2015),0,0
2004,1,2004/08/08,15:00:00,24703,31,KV Oostende,867,KVC Westerlo,3,3
2004,1,2004/08/08,15:00:00,24704,29,R Charleroi SC,93,RAA La Louviere (- 2009),2,5
2003,1,2003/08/08,20:30:00,413,3,Club Brugge,290,KRC Genk,1,0
2003,1,2003/08/09,20:00:00,420,35,RSC Anderlecht,1,R Antwerp FC,3,1
2003,1,2003/08/09,20:00:00,421,29,R Charleroi SC,30,Lierse SK (- 2018),0,1
2003,1,2003/08/09,20:00:00,422,867,KVC Westerlo,93,RAA La Louviere (- 2009),0,0
2003,1,2003/08/09,20:00:00,423,13,Germinal Beerschot Antwerpen,44,RAEC Mons (- 2015),1,0
2003,1,2003/08/09,20:00:00,424,201,KSC Lokeren (- 2020),322,Sint-Truidense VV,0,0
2003,1,2003/08/10,15:00:00,443,968,KSK Beveren (- 2010),7,KAA Gent,2,4
2003,1,2003/08/10,15:00:00,444,384,Heusden-Zolder SK,12,Cercle Brugge,0,0
2003,1,2003/08/10,20:00:00,445,200,Excelsior Mouscron (- 2009),16,Standard Luik,2,2
2002,1,2002/08/09,20:00:00,977635,290,KRC Genk,201,KSC Lokeren (- 2020),2,3
2002,1,2002/08/09,20:30:00,977636,16,Standard Luik,200,Excelsior Mouscron (- 2009),0,3
2002,1,2002/08/10,20:00:00,977639,855,KFC Lommel SK (- 2003),30,Lierse SK (- 2018),,
2002,1,2002/08/10,20:00:00,977640,968,KSK Beveren (- 2010),44,RAEC Mons (- 2015),3,0
2002,1,2002/08/10,20:00:00,977641,867,KVC Westerlo,35,RSC Anderlecht,0,2
2002,1,2002/08/10,20:00:00,977642,25,KV Mechelen,29,R Charleroi SC,1,0
2002,1,2002/08/10,20:00:00,977637,7,KAA Gent,1,R Antwerp FC,0,0
2002,1,2002/08/10,20:00:00,977638,13,Germinal Beerschot Antwerpen,322,Sint-Truidense VV,3,2
2002,1,2002/08/11,20:00:00,977643,93,RAA La Louviere (- 2009),3,Club Brugge,1,2
2001,1,2001/08/11,20:00:00,991407,35,RSC Anderlecht,1,R Antwerp FC,3,0
2001,1,2001/08/11,20:00:00,991408,30,Lierse SK (- 2018),201,KSC Lokeren (- 2020),1,1
2001,1,2001/08/11,20:00:00,991409,290,KRC Genk,968,KSK Beveren (- 2010),5,1
2001,1,2001/08/11,20:00:00,991410,7,KAA Gent,322,Sint-Truidense VV,4,2
2001,1,2001/08/11,20:00:00,991411,855,KFC Lommel SK (- 2003),1678,RWD Molenbeek (- 2002),1,0
2001,1,2001/08/12,15:00:00,991412,3,Club Brugge,867,KVC Westerlo,4,2
2001,1,2001/08/12,15:00:00,991413,90,KSC Eendracht Aalst,200,Excelsior Mouscron (- 2009),0,5
2001,1,2001/08/12,15:00:00,991414,13,Germinal Beerschot Antwerpen,93,RAA La Louviere (- 2009),8,2
2001,1,2001/08/12,20:00:00,991415,29,R Charleroi SC,16,Standard Luik,0,0
2000,1,2000/08/12,20:00:00,1001964,867,KVC Westerlo,1,R Antwerp FC,2,1
2000,1,2000/08/12,20:00:00,1001956,968,KSK Beveren (- 2010),29,R Charleroi SC,1,2
2000,1,2000/08/12,20:00:00,1001957,93,RAA La Louviere (- 2009),201,KSC Lokeren (- 2020),0,0
2000,1,2000/08/12,20:00:00,1001958,200,Excelsior Mouscron (- 2009),13,Germinal Beerschot Antwerpen,3,0
2000,1,2000/08/12,20:00:00,1001959,25,KV Mechelen,290,KRC Genk,0,0
2000,1,2000/08/13,15:00:00,1001960,3,Club Brugge,7,KAA Gent,6,2
2000,1,2000/08/13,15:00:00,1001961,90,KSC Eendracht Aalst,30,Lierse SK (- 2018),1,3
2000,1,2000/08/13,15:00:00,1001962,290,KRC Harelbeke,16,Standard Luik,3,4
2000,1,2000/08/13,20:00:00,1001963,322,Sint-Truidense VV,35,RSC Anderlecht,0,0
1999,1,1999/08/06,20:00:00,2951178,338,KFC Verbroedering Geel (- 2008),7,KAA Gent,1,5
1999,1,1999/08/07,20:00:00,2951179,968,KSK Beveren (- 2010),90,KSC Eendracht Aalst,0,2
1999,1,1999/08/07,20:00:00,2951180,30,Lierse SK (- 2018),13,Germinal Beerschot Antwerpen,3,1
1999,1,1999/08/07,20:00:00,2951181,855,KFC Lommel SK (- 2003),201,KSC Lokeren (- 2020),1,0
1999,1,1999/08/07,20:00:00,2951182,29,R Charleroi SC,290,KRC Harelbeke,2,1
1999,1,1999/08/07,20:00:00,2951183,16,Standard Luik,25,KV Mechelen,2,1
1999,1,1999/08/07,20:00:00,2951184,867,KVC Westerlo,290,KRC Genk,6,6
1999,1,1999/08/08,15:00:00,2951186,3,Club Brugge,322,Sint-Truidense VV,4,0
1999,1,1999/08/08,20:00:00,2951185,35,RSC Anderlecht,200,Excelsior Mouscron (- 2009),3,2
1998,1,1998/08/21,20:00:00,2980573,31,KV Oostende,16,Standard Luik,2,1
1998,1,1998/08/21,20:00:00,2980574,322,Sint-Truidense VV,200,Excelsior Mouscron (- 2009),0,2
1998,1,1998/08/22,20:00:00,2980575,3840,Germinal Ekeren,867,KVC Westerlo,0,3
1998,1,1998/08/22,20:00:00,2980576,855,KFC Lommel SK (- 2003),968,KSK Beveren (- 2010),2,1
1998,1,1998/08/22,20:00:00,2980577,35,RSC Anderlecht,29,R Charleroi SC,1,1
1998,1,1998/08/22,20:00:00,2980578,201,KSC Lokeren (- 2020),290,KRC Genk,2,0
1998,1,1998/08/22,20:00:00,2980579,30,Lierse SK (- 2018),7,KAA Gent,1,2
1998,1,1998/08/22,20:00:00,2980580,90,KSC Eendracht Aalst,3,Club Brugge,0,2
1998,1,1998/08/23,15:00:00,2980581,290,KRC Harelbeke,19,KV Kortrijk,1,0
1997,1,1997/08/08,20:00:00,3000322,16,Standard Luik,200,Excelsior Mouscron (- 2009),1,1
1997,1,1997/08/09,20:00:00,3000328,7,KAA Gent,3,Club Brugge,0,4
1997,1,1997/08/09,20:00:00,3000323,3840,Germinal Ekeren,1678,RWD Molenbeek (- 2002),3,1
1997,1,1997/08/09,20:00:00,3000324,867,KVC Westerlo,322,Sint-Truidense VV,4,1
1997,1,1997/08/09,20:00:00,3000325,968,KSK Beveren (- 2010),90,KSC Eendracht Aalst,0,0
1997,1,1997/08/09,20:00:00,3000326,30,Lierse SK (- 2018),201,KSC Lokeren (- 2020),3,0
1997,1,1997/08/09,20:00:00,3000327,290,KRC Genk,29,R Charleroi SC,4,0
1997,1,1997/08/10,15:00:00,3000330,290,KRC Harelbeke,855,KFC Lommel SK (- 2003),1,1
1997,1,1997/12/03,18:00:00,3000329,1,R Antwerp FC,35,RSC Anderlecht,0,1
1996,1,1996/08/01,20:00:00,3146309,3,Club Brugge,290,KRC Harelbeke,1,0
1996,1,1996/08/02,20:00:00,3146310,90,KSC Eendracht Aalst,35,RSC Anderlecht,0,0
1996,1,1996/08/03,20:00:00,3146311,855,KFC Lommel SK (- 2003),200,Excelsior Mouscron (- 2009),0,2
1996,1,1996/08/03,20:00:00,3146312,16,Standard Luik,322,Sint-Truidense VV,2,0
1996,1,1996/08/03,20:00:00,3146313,1678,RWD Molenbeek (- 2002),30,Lierse SK (- 2018),0,0
1996,1,1996/08/03,20:00:00,3146314,3840,Germinal Ekeren,7,KAA Gent,1,2
1996,1,1996/08/03,20:00:00,3146315,29,R Charleroi SC,1,R Antwerp FC,3,0
1996,1,1996/08/03,20:00:00,3146316,25,KV Mechelen,12,Cercle Brugge,0,0
1996,1,1996/08/03,20:00:00,3146317,201,KSC Lokeren (- 2020),290,KRC Genk,1,0
1995,1,1995/08/04,20:00:00,3185941,90,KSC Eendracht Aalst,35,RSC Anderlecht,3,1
1995,1,1995/08/05,20:00:00,3185943,16,Standard Luik,855,KFC Lommel SK (- 2003),1,0
1995,1,1995/08/05,20:00:00,3185944,12,Cercle Brugge,1,R Antwerp FC,3,2
1995,1,1995/08/05,20:00:00,3185945,30,Lierse SK (- 2018),290,KRC Harelbeke,0,1
1995,1,1995/08/05,20:00:00,3185946,1678,RWD Molenbeek (- 2002),968,KSK Beveren (- 2010),1,0
1995,1,1995/08/05,20:00:00,3185947,29,R Charleroi SC,25,KV Mechelen,4,2
1995,1,1995/08/05,20:00:00,3185948,1878,KSV Waregem (- 2001),7,KAA Gent,2,2
1995,1,1995/08/05,20:00:00,3185942,322,Sint-Truidense VV,167,RFC Seraing (- 1996),4,1
1995,1,1995/08/06,15:00:00,3185949,3840,Germinal Ekeren,3,Club Brugge,1,2
1994,1,1994/08/19,20:30:00,3666598,16,Standard Luik,1,R Antwerp FC,3,1
1994,1,1994/08/20,20:00:00,3666599,855,KFC Lommel SK (- 2003),30,Lierse SK (- 2018),2,3
1994,1,1994/08/20,20:00:00,3666600,29,R Charleroi SC,25,KV Mechelen,0,1
1994,1,1994/08/20,20:00:00,3666601,1678,RWD Molenbeek (- 2002),3,Club Brugge,1,1
1994,1,1994/08/20,20:00:00,3666602,7,KAA Gent,968,KSK Beveren (- 2010),2,1
1994,1,1994/08/20,20:00:00,3666603,12,Cercle Brugge,35,RSC Anderlecht,2,1
1994,1,1994/08/20,20:00:00,3666604,16,RC Luik,322,Sint-Truidense VV,1,1
1994,1,1994/08/21,15:00:00,3666605,31,KV Oostende,167,RFC Seraing (- 1996),1,2
1994,1,1994/08/21,15:00:00,3666606,3840,Germinal Ekeren,90,KSC Eendracht Aalst,2,3
1993,1,1993/08/07,20:00:00,3567794,3840,Germinal Ekeren,1678,RWD Molenbeek (- 2002),4,1
1993,1,1993/08/07,20:00:00,3567788,7,KAA Gent,12,Cercle Brugge,2,0
1993,1,1993/08/07,20:00:00,3567789,29,R Charleroi SC,290,KRC Genk,2,1
1993,1,1993/08/07,20:00:00,3567790,16,Standard Luik,167,RFC Seraing (- 1996),1,0
1993,1,1993/08/07,20:00:00,3567791,30,Lierse SK (- 2018),16,RC Luik,0,1
1993,1,1993/08/07,20:00:00,3567792,855,KFC Lommel SK (- 2003),1878,KSV Waregem (- 2001),3,0
1993,1,1993/08/07,20:00:00,3567793,35,RSC Anderlecht,1,R Antwerp FC,2,0
1993,1,1993/08/08,15:00:00,3567795,3,Club Brugge,25,KV Mechelen,2,1
1993,1,1993/08/08,15:00:00,3567796,31,KV Oostende,968,KSK Beveren (- 2010),1,1
1992,1,1992/08/07,20:00:00,3568094,855,KFC Lommel SK (- 2003),35,RSC Anderlecht,0,4
1992,1,1992/08/08,20:00:00,3568095,16,RC Luik,968,KSK Beveren (- 2010),1,2
1992,1,1992/08/08,20:00:00,3568096,29,R Charleroi SC,7,KAA Gent,1,0
1992,1,1992/08/08,20:00:00,3568097,25,KV Mechelen,12,Cercle Brugge,6,2
1992,1,1992/08/08,20:00:00,3568098,1,R Antwerp FC,16,Standard Luik,3,1
1992,1,1992/08/08,20:00:00,3568099,201,KSC Lokeren (- 2020),1878,KSV Waregem (- 2001),2,1
1992,1,1992/08/09,15:00:00,3568100,58,Boom FC,3840,Germinal Ekeren,3,2
1992,1,1992/08/09,15:00:00,3568101,3,Club Brugge,30,Lierse SK (- 2018),3,2
1992,1,1992/08/09,15:00:00,3568102,1678,RWD Molenbeek (- 2002),290,KRC Genk,1,1
1991,1,1991/08/16,20:00:00,3568400,16,Standard Luik,3,Club Brugge,1,2
1991,1,1991/08/17,20:00:00,3568401,29,R Charleroi SC,3840,Germinal Ekeren,3,1
1991,1,1991/08/17,20:00:00,3568402,25,KV Mechelen,201,KSC Lokeren (- 2020),1,1
1991,1,1991/08/17,20:00:00,3568403,12,Cercle Brugge,16,RC Luik,0,0
1991,1,1991/08/17,20:00:00,3568404,7,KAA Gent,30,Lierse SK (- 2018),1,1
1991,1,1991/08/17,20:00:00,3568405,1,R Antwerp FC,90,KSC Eendracht Aalst,3,0
1991,1,1991/08/17,20:00:00,3568406,290,KRC Genk,1878,KSV Waregem (- 2001),1,0
1991,1,1991/08/18,15:00:00,3568407,1678,RWD Molenbeek (- 2002),968,KSK Beveren (- 2010),1,0
1991,1,1991/08/18,15:00:00,3568408,19,KV Kortrijk,35,RSC Anderlecht,1,4
1990,1,1990/08/17,20:00:00,3568706,29,R Charleroi SC,1878,KSV Waregem (- 2001),1,0
1990,1,1990/08/18,20:00:00,3568707,16,Standard Luik,13,VAC Beerschot (- 1999),7,1
1990,1,1990/08/18,20:00:00,3568708,7,KAA Gent,322,Sint-Truidense VV,6,3
1990,1,1990/08/19,15:00:00,3568709,19,KV Kortrijk,1,R Antwerp FC,4,1
1990,1,1990/08/19,15:00:00,3568710,3840,Germinal Ekeren,201,KSC Lokeren (- 2020),3,0
1990,1,1990/09/05,20:00:00,3568735,3,Club Brugge,1678,RWD Molenbeek (- 2002),2,0
1990,1,1990/09/06,20:00:00,3568737,30,Lierse SK (- 2018),25,KV Mechelen,0,4
1990,1,1990/09/08,20:00:00,3568738,35,RSC Anderlecht,12,Cercle Brugge,0,0
1990,1,1990/09/08,20:00:00,3568739,290,KRC Genk,16,RC Luik,1,0
1989,1,1989/08/16,20:00:00,3569012,25,KV Mechelen,7,KAA Gent,3,0
1989,1,1989/08/16,20:00:00,3569013,201,KSC Lokeren (- 2020),1,R Antwerp FC,0,0
1989,1,1989/08/16,20:00:00,3569014,35,RSC Anderlecht,1878,KSV Waregem (- 2001),6,0
1989,1,1989/08/16,20:00:00,3569015,12,Cercle Brugge,16,RC Luik,1,0
1989,1,1989/08/16,20:00:00,3569016,322,Sint-Truidense VV,968,KSK Beveren (- 2010),1,1
1989,1,1989/08/16,20:00:00,3569017,13,VAC Beerschot (- 1999),30,Lierse SK (- 2018),0,0
1989,1,1989/08/16,20:00:00,3569018,16,Standard Luik,3,Club Brugge,1,1
1989,1,1989/08/16,20:00:00,3569019,19,KV Kortrijk,3840,Germinal Ekeren,3,1
1989,1,1989/08/16,20:00:00,3569020,29,R Charleroi SC,24,Racing Mechelen,3,0
1988,1,1988/08/13,20:00:00,3564157,16,RC Luik,29,R Charleroi SC,3,0
1988,1,1988/08/13,20:00:00,3564158,3,Club Brugge,24,Racing Mechelen,2,0
1988,1,1988/08/13,20:00:00,3564159,322,Sint-Truidense VV,1678,RWD Molenbeek (- 2002),3,0
1988,1,1988/08/13,20:00:00,3564160,290,KRC Genk,35,RSC Anderlecht,0,3
1988,1,1988/08/13,20:00:00,3564161,25,KV Mechelen,12,Cercle Brugge,4,0
1988,1,1988/08/13,20:00:00,3564162,1,R Antwerp FC,968,KSK Beveren (- 2010),2,2
1988,1,1988/08/13,20:00:00,3564163,30,Lierse SK (- 2018),19,KV Kortrijk,1,1
1988,1,1988/08/14,15:00:00,3564164,1878,KSV Waregem (- 2001),16,Standard Luik,2,0
1988,1,1988/08/14,16:00:00,3564165,201,KSC Lokeren (- 2020),13,VAC Beerschot (- 1999),4,0
1987,1,1987/08/19,20:00:00,3670369,968,KSK Beveren (- 2010),201,KSC Lokeren (- 2020),0,1
1987,1,1987/08/19,20:00:00,3670370,35,RSC Anderlecht,29,R Charleroi SC,1,0
1987,1,1987/08/19,20:00:00,3670371,16,Standard Luik,11,Racing Jet Brussel,1,2
1987,1,1987/08/19,20:00:00,3670372,322,Sint-Truidense VV,13,VAC Beerschot (- 1999),0,0
1987,1,1987/08/19,20:00:00,3670373,12,Cercle Brugge,25,KV Mechelen,0,0
1987,1,1987/08/19,20:00:00,3670365,1,R Antwerp FC,19,KV Kortrijk,3,0
1987,1,1987/08/19,20:00:00,3670366,1878,KSV Waregem (- 2001),1678,RWD Molenbeek (- 2002),1,1
1987,1,1987/08/19,20:00:00,3670367,2764,KFC Winterslag,16,RC Luik,0,2
1987,1,1987/08/19,20:00:00,3670368,7,KAA Gent,3,Club Brugge,0,1
1986,1,1986/08/30,19:30:00,3670059,167,RFC Seraing (- 1996),35,RSC Anderlecht,1,3
1986,1,1986/08/30,20:00:00,3670060,29,R Charleroi SC,1,R Antwerp FC,1,1
1986,1,1986/08/30,20:00:00,3670061,13,VAC Beerschot (- 1999),25,KV Mechelen,1,1
1986,1,1986/08/31,15:00:00,3670062,201,KSC Lokeren (- 2020),11,Racing Jet Brussel,1,1
1986,1,1986/08/31,15:00:00,3670063,28,Berchem Sport,968,KSK Beveren (- 2010),0,0
1986,1,1986/08/31,15:00:00,3670064,19,KV Kortrijk,12,Cercle Brugge,3,2
1986,1,1986/08/31,15:00:00,3670065,1678,RWD Molenbeek (- 2002),16,RC Luik,1,1
1986,1,1986/08/31,15:00:00,3670066,3,Club Brugge,1878,KSV Waregem (- 2001),8,0
1986,1,1986/08/31,15:00:00,3670067,16,Standard Luik,7,KAA Gent,5,0
1985,1,1985/08/13,20:00:00,3962489,1,R Antwerp FC,968,KSK Beveren (- 2010),4,2
1985,1,1985/08/13,20:00:00,3962490,167,RFC Seraing (- 1996),25,KV Mechelen,2,1
1985,1,1985/08/14,20:00:00,3962491,30,Lierse SK (- 2018),13,VAC Beerschot (- 1999),1,1
1985,1,1985/08/14,20:00:00,3962492,16,Standard Luik,12,Cercle Brugge,2,1
1985,1,1985/08/14,20:00:00,3962493,1878,KSV Waregem (- 2001),16,RC Luik,0,0
1985,1,1985/08/14,20:00:00,3962494,1054,Waterschei SV THOR (- 1988),19,KV Kortrijk,2,1
1985,1,1985/08/14,20:00:00,3962495,35,RSC Anderlecht,7,KAA Gent,4,0
1985,1,1985/08/14,20:00:00,3962496,3,Club Brugge,29,R Charleroi SC,0,0
1985,1,1985/08/14,20:00:00,3962497,201,KSC Lokeren (- 2020),1678,RWD Molenbeek (- 2002),1,1
1984,1,1984/08/21,20:00:00,3962498,1,R Antwerp FC,221,K. Sint-Niklase SK,2,2
1984,1,1984/08/21,20:00:00,3962499,167,RFC Seraing (- 1996),7,KAA Gent,3,3
1984,1,1984/08/22,20:00:00,3962500,201,KSC Lokeren (- 2020),25,KV Mechelen,1,1
1984,1,1984/08/22,20:00:00,3962501,16,Standard Luik,1878,KSV Waregem (- 2001),3,2
1984,1,1984/08/22,20:00:00,3962502,968,KSK Beveren (- 2010),13,VAC Beerschot (- 1999),3,1
1984,1,1984/08/22,20:00:00,3962503,12,Cercle Brugge,16,RC Luik,0,0
1984,1,1984/08/22,20:00:00,3962504,30,Lierse SK (- 2018),3,Club Brugge,0,2
1984,1,1984/08/22,20:00:00,3962505,19,KV Kortrijk,1054,Waterschei SV THOR (- 1988),0,0
1984,1,1984/08/22,20:00:00,3962506,11,Racing Jet Brussel,35,RSC Anderlecht,2,9
1983,1,1983/08/16,20:00:00,3987644,1878,KSV Waregem (- 2001),25,KV Mechelen,1,1
1983,1,1983/08/16,20:00:00,3987645,201,KSC Lokeren (- 2020),396,Beringen FC (- 2002),4,1
1983,1,1983/08/16,20:00:00,3987646,13,VAC Beerschot (- 1999),35,RSC Anderlecht,2,1
1983,1,1983/08/17,20:00:00,3987647,1678,RWD Molenbeek (- 2002),1,R Antwerp FC,0,0
1983,1,1983/08/17,20:00:00,3987648,12,Cercle Brugge,968,KSK Beveren (- 2010),0,1
1983,1,1983/08/17,20:00:00,3987649,1054,Waterschei SV THOR (- 1988),3,Club Brugge,1,1
1983,1,1983/08/17,20:00:00,3987650,16,RC Luik,167,RFC Seraing (- 1996),0,1
1983,1,1983/08/17,20:00:00,3987651,30,Lierse SK (- 2018),19,KV Kortrijk,0,1
1983,1,1983/08/17,20:00:00,3987652,7,KAA Gent,16,Standard Luik,0,2
1982,1,1982/08/17,20:00:00,3987338,16,RC Luik,167,RFC Seraing (- 1996),0,0
1982,1,1982/08/18,20:00:00,3987339,968,KSK Beveren (- 2010),19,KV Kortrijk,2,0
1982,1,1982/08/18,20:00:00,3987340,1,R Antwerp FC,1054,Waterschei SV THOR (- 1988),2,0
1982,1,1982/08/18,20:00:00,3987341,12,Cercle Brugge,35,RSC Anderlecht,2,4
1982,1,1982/08/18,20:00:00,3987342,1678,RWD Molenbeek (- 2002),3,Club Brugge,2,1
1982,1,1982/08/18,20:00:00,3987343,30,Lierse SK (- 2018),54,KSK Tongeren (-2014),1,0
1982,1,1982/08/18,20:00:00,3987344,2764,KFC Winterslag,13,VAC Beerschot (- 1999),0,1
1982,1,1982/08/18,20:00:00,3987345,1878,KSV Waregem (- 2001),201,KSC Lokeren (- 2020),2,0
1982,1,1982/08/18,20:00:00,3987346,16,Standard Luik,7,KAA Gent,2,1
1981,1,1981/08/18,20:00:00,3987032,54,KSK Tongeren (-2014),25,KV Mechelen,2,1
1981,1,1981/08/19,20:00:00,3987033,16,Standard Luik,12,Cercle Brugge,2,2
1981,1,1981/08/19,20:00:00,3987034,35,RSC Anderlecht,1,R Antwerp FC,1,1
1981,1,1981/08/19,20:00:00,3987035,201,KSC Lokeren (- 2020),1878,KSV Waregem (- 2001),1,1
1981,1,1981/08/19,20:00:00,3987036,19,KV Kortrijk,968,KSK Beveren (- 2010),0,2
1981,1,1981/08/19,20:00:00,3987037,30,Lierse SK (- 2018),7,KAA Gent,3,1
1981,1,1981/08/19,20:00:00,3987038,3,Club Brugge,16,RC Luik,4,1
1981,1,1981/08/19,20:00:00,3987039,2764,KFC Winterslag,1054,Waterschei SV THOR (- 1988),3,1
1981,1,1981/10/10,20:00:00,3987101,396,Beringen FC (- 2002),1678,RWD Molenbeek (- 2002),2,1
1980,1,1980/08/26,20:00:00,3986726,396,Beringen FC (- 2002),16,Standard Luik,2,2
1980,1,1980/08/27,20:00:00,3986727,1678,RWD Molenbeek (- 2002),2764,KFC Winterslag,1,0
1980,1,1980/08/27,20:00:00,3986728,19,KV Kortrijk,12,Cercle Brugge,1,4
1980,1,1980/08/27,20:00:00,3986729,13,VAC Beerschot (- 1999),28,Berchem Sport,0,2
1980,1,1980/08/27,20:00:00,3986730,16,RC Luik,968,KSK Beveren (- 2010),0,1
1980,1,1980/08/27,20:00:00,3986731,201,KSC Lokeren (- 2020),7,KAA Gent,1,0
1980,1,1980/08/27,20:00:00,3986732,3,Club Brugge,1878,KSV Waregem (- 2001),2,0
1980,1,1980/08/27,20:00:00,3986733,1054,Waterschei SV THOR (- 1988),35,RSC Anderlecht,2,4
1980,1,1980/08/27,20:00:00,3986734,1,R Antwerp FC,30,Lierse SK (- 2018),0,0
1979,1,1979/08/28,20:00:00,4013203,35,RSC Anderlecht,201,KSC Lokeren (- 2020),1,2
1979,1,1979/08/28,20:00:00,4013204,1,R Antwerp FC,3,Club Brugge,0,1
1979,1,1979/08/29,20:00:00,4013209,968,KSK Beveren (- 2010),1678,RWD Molenbeek (- 2002),3,0
1979,1,1979/08/29,20:00:00,4013210,16,RC Luik,29,R Charleroi SC,0,2
1979,1,1979/08/29,20:00:00,4013211,396,Beringen FC (- 2002),3093,KSC Hasselt,1,1
1979,1,1979/08/29,20:00:00,4013205,12,Cercle Brugge,30,Lierse SK (- 2018),2,1
1979,1,1979/08/29,20:00:00,4013206,28,Berchem Sport,16,Standard Luik,1,1
1979,1,1979/08/29,20:00:00,4013207,1054,Waterschei SV THOR (- 1988),13,VAC Beerschot (- 1999),1,1
1979,1,1979/08/29,20:00:00,4013208,1878,KSV Waregem (- 2001),2764,KFC Winterslag,3,0
1978,1,1978/08/30,19:30:00,4012902,93,RAA La Louviere (- 2009),19,KV Kortrijk,0,0
1978,1,1978/08/30,20:00:00,4012897,35,RSC Anderlecht,13,Beerschot VAV,2,1
1978,1,1978/08/30,20:00:00,4012898,1,R Antwerp FC,30,Lierse SK (- 2018),3,0
1978,1,1978/08/30,20:00:00,4012899,396,Beringen FC (- 2002),201,KSC Lokeren (- 2020),1,0
1978,1,1978/08/30,20:00:00,4012900,968,KSK Beveren (- 2010),1678,RWD Molenbeek (- 2002),3,0
1978,1,1978/08/30,20:00:00,4012901,3,Club Brugge,28,Berchem Sport,1,1
1978,1,1978/08/30,20:00:00,4012903,16,RFC Luik,2764,KFC Winterslag,2,0
1978,1,1978/08/30,20:00:00,4012904,1878,KSV Waregem (- 2001),29,R Charleroi SC,1,0
1978,1,1978/08/30,20:00:00,4012905,1054,Waterschei SV THOR (- 1988),16,Standard Luik,0,0
1977,1,1977/08/17,19:30:00,4012598,29,R Charleroi SC,1878,KSV Waregem (- 2001),1,0
1977,1,1977/08/17,20:00:00,4012591,16,RFC Luik,16,Standard Luik,1,3
1977,1,1977/08/17,20:00:00,4012592,35,RSC Anderlecht,30,Lierse SK (- 2018),3,0
1977,1,1977/08/17,20:00:00,4012593,1,R Antwerp FC,3,Club Brugge,2,2
1977,1,1977/08/17,20:00:00,4012594,12,Cercle Brugge,13,Beerschot VAV,1,1
1977,1,1977/08/17,20:00:00,4012595,19,KV Kortrijk,396,Beringen FC (- 2002),1,0
1977,1,1977/08/17,20:00:00,4012596,2764,KFC Winterslag,384,SK Beveren-Waes,3,0
1977,1,1977/08/17,20:00:00,4012597,58,Boom FC,1678,RWD Molenbeek (- 2002),2,2
1977,1,1977/08/17,20:00:00,4012599,201,KSC Lokeren (- 2020),93,RAA La Louviere (- 2009),4,2
1976,1,1976/09/11,19:30:00,4012288,29,R Charleroi SC,384,SK Beveren-Waes,2,1
1976,1,1976/09/11,20:00:00,4012289,3,Club Brugge,1878,KSV Waregem (- 2001),2,0
1976,1,1976/09/11,20:00:00,4012290,201,KSC Lokeren (- 2020),53,AS Oostende KM,1,0
1976,1,1976/09/11,20:00:00,4012291,25,KV Mechelen,2764,KFC Winterslag,1,0
1976,1,1976/09/11,20:00:00,4012285,35,RSC Anderlecht,16,RFC Luik,1,1
1976,1,1976/09/11,20:00:00,4012286,396,Beringen FC (- 2002),1,R Antwerp FC,1,2
1976,1,1976/09/11,20:00:00,4012287,13,Beerschot VAV,30,Lierse SK (- 2018),6,2
1976,1,1976/09/12,15:00:00,4012292,16,Standard Luik,1678,RWD Molenbeek (- 2002),0,0
1976,1,1976/09/12,15:00:00,4012293,19,KV Kortrijk,12,Cercle Brugge,1,1
1975,1,1975/08/16,19:30:00,4011943,93,RAA La Louviere (- 2009),1,R Antwerp FC,0,1
1975,1,1975/08/16,20:00:00,4011944,13,Beerschot VAV,3,Club Brugge,1,1
1975,1,1975/08/17,16:00:00,4011947,28,Berchem Sport,24,Racing Mechelen,2,0
1975,1,1975/08/17,16:00:00,4011949,12,Cercle Brugge,53,AS Oostende KM,1,2
1975,1,1975/08/17,18:00:00,4011946,1878,KSV Waregem (- 2001),35,RSC Anderlecht,2,0
1975,1,1975/08/17,19:30:00,4011945,384,SK Beveren-Waes,16,Standard Luik,1,0
1975,1,1975/08/17,19:30:00,4011948,1678,RWD Molenbeek (- 2002),396,Beringen FC (- 2002),4,0
1975,1,1975/08/17,20:00:00,4011950,30,Lierse SK (- 2018),29,R Charleroi SC,3,0
1975,1,1976/02/18,20:00:00,4012167,16,RFC Luik,201,KSC Lokeren (- 2020),1,2
1974,1,1974/08/17,19:30:00,4011565,29,R Charleroi SC,53,AS Oostende KM,1,0
1974,1,1974/08/17,20:00:00,4011566,41,KFC Diest,30,Lierse SK (- 2018),0,2
1974,1,1974/08/17,20:00:00,4011563,13,Beerschot VAV,1,Royal Olympic Club de Montignies-sur-Sambre,1,0
1974,1,1974/08/17,20:00:00,4011564,201,KSC Lokeren (- 2020),12,Cercle Brugge,1,1
1974,1,1974/08/18,16:00:00,4011567,2764,KFC Winterslag,16,Standard Luik,2,3
1974,1,1974/08/18,16:00:00,4011570,1678,RWD Molenbeek (- 2002),28,Berchem Sport,1,0
1974,1,1974/08/18,16:00:00,4011571,25,KV Mechelen,396,Beringen FC (- 2002),1,0
1974,1,1974/08/18,16:00:00,4011572,3,Club Brugge,384,SK Beveren-Waes,1,1
1974,1,1974/08/18,18:00:00,4011568,1878,KSV Waregem (- 2001),35,RSC Anderlecht,0,0
1974,1,1974/08/18,20:00:00,4011569,16,RFC Luik,1,R Antwerp FC,0,2
1973,1,1973/08/31,20:00:00,4011323,30,Lierse SK (- 2018),396,Beringen FC (- 2002),4,1
1973,1,1973/09/01,16:00:00,4011327,41,KFC Diest,13,Beerschot VAV,1,1
1973,1,1973/09/01,16:00:00,4011328,28,Berchem Sport,322,Sint-Truidense VV,2,1
1973,1,1973/09/01,20:00:00,4011324,16,Standard Luik,12,Cercle Brugge,2,0
1973,1,1973/09/01,20:00:00,4011325,35,RSC Anderlecht,1878,KSV Waregem (- 2001),3,1
1973,1,1973/09/01,20:00:00,4011326,1,R Antwerp FC,25,KV Mechelen,0,2
1973,1,1973/09/01,20:00:00,4011329,384,SK Beveren-Waes,16,RFC Luik,2,2
1973,1,1973/09/01,20:00:00,4011330,3,Club Brugge,1678,RWD Molenbeek (- 2002),0,0
1972,1,1972/09/01,20:15:00,4011083,1,R Antwerp FC,1,Royal Racing White Brüssel,0,1
1972,1,1972/09/02,20:00:00,4011084,35,RSC Anderlecht,12,Cercle Brugge,1,0
1972,1,1972/09/02,20:00:00,4011085,13,Beerschot VAV,25,KV Mechelen,1,2
1972,1,1972/09/02,20:00:00,4011086,30,Lierse SK (- 2018),28,Berchem Sport,1,1
1972,1,1972/09/02,20:00:00,4011087,3,Club Brugge,41,KFC Diest,3,1
1972,1,1972/09/03,15:00:00,4011088,16,RFC Luik,16,Standard Luik,0,1
1972,1,1972/09/03,15:00:00,4011089,396,Beringen FC (- 2002),322,Sint-Truidense VV,0,0
1972,1,1972/09/03,15:00:00,4011090,1,Royal Crossing Club de Schaerbeek,50,Union Saint-Gilloise,0,0
1971,1,1971/09/03,20:00:00,4010843,1,Royal Racing White Brüssel,16,Standard Luik,2,1
1971,1,1971/09/04,20:00:00,4010844,13,Beerschot VAV,35,RSC Anderlecht,1,1
1971,1,1971/09/04,20:00:00,4010845,50,Union Saint-Gilloise,3,Club Brugge,1,3
1971,1,1971/09/05,14:30:00,4010847,25,KV Mechelen,384,SK Beveren-Waes,1,0
1971,1,1971/09/05,15:00:00,4010848,12,Cercle Brugge,322,Sint-Truidense VV,0,1
1971,1,1971/09/05,15:00:00,4010849,41,KFC Diest,1,Royal Crossing Club de Schaerbeek,1,1
1971,1,1971/09/05,15:00:00,4010850,1878,KSV Waregem (- 2001),30,Lierse SK (- 2018),3,1
1971,1,1971/09/05,19:30:00,4010846,16,RFC Luik,1,R Antwerp FC,4,2
1970,1,1970/09/05,20:00:00,4010603,35,RSC Anderlecht,29,R Charleroi SC,3,0
1970,1,1970/09/05,20:00:00,4010604,1,R Antwerp FC,1,Royal Racing White Brüssel,2,0
1970,1,1970/09/05,20:30:00,4010605,30,Lierse SK (- 2018),13,Beerschot VAV,0,1
1970,1,1970/09/06,15:00:00,4010606,16,Standard Luik,7,Association Royale Athlétique Gent,3,0
1970,1,1970/09/06,15:00:00,4010607,384,SK Beveren-Waes,41,KFC Diest,0,0
1970,1,1970/09/06,15:00:00,4010608,3,Club Brugge,16,RFC Luik,3,0
1970,1,1970/09/06,15:00:00,4010609,1,Royal Crossing Club de Schaerbeek,1878,KSV Waregem (- 2001),0,0
1970,1,1970/09/06,15:00:00,4010610,322,Sint-Truidense VV,50,Union Saint-Gilloise,2,1
1969,1,1969/09/06,19:30:00,4010364,35,RSC Anderlecht,3,Club Brugge,1,3
1969,1,1969/09/06,20:00:00,4010363,13,Beerschot VAV,16,Standard Luik,3,0
1969,1,1969/09/07,15:00:00,4010365,396,Beringen FC (- 2002),1,Royal Racing White Brüssel,1,1
1969,1,1969/09/07,15:00:00,4010366,16,RFC Luik,384,SK Beveren-Waes,0,1
1969,1,1969/09/07,15:00:00,4010367,30,Lierse SK (- 2018),29,R Charleroi SC,1,1
1969,1,1969/09/07,15:00:00,4010368,1,Royal Crossing Club de Schaerbeek,322,Sint-Truidense VV,1,2
1969,1,1969/09/07,15:00:00,4010369,1878,KSV Waregem (- 2001),7,Association Royale Athlétique Gent,2,0
1969,1,1969/09/07,15:00:00,4010370,53,AS Oostende KM,50,Union Saint-Gilloise,0,2
1968,1,1968/09/07,19:30:00,4010123,35,RSC Anderlecht,322,Sint-Truidense VV,2,2
1968,1,1968/09/08,15:00:00,4010124,16,Standard Luik,50,Union Saint-Gilloise,5,1
1968,1,1968/09/08,15:00:00,4010125,1,Royal Racing White Brüssel,13,Beerschot VAV,2,1
1968,1,1968/09/08,15:00:00,4010126,396,Beringen FC (- 2002),3,Daring Club Brussel,2,0
1968,1,1968/09/08,15:00:00,4010127,384,SK Beveren-Waes,16,RFC Luik,3,1
1968,1,1968/09/08,15:00:00,4010128,30,Lierse SK (- 2018),3,Club Brugge,1,2
1968,1,1968/09/08,15:00:00,4010129,7,Association Royale Athlétique Gent,29,R Charleroi SC,1,1
1968,1,1968/09/08,15:00:00,4010130,1878,KSV Waregem (- 2001),25,KV Mechelen,1,4
1967,1,1967/09/02,17:00:00,4009884,25,KV Mechelen,396,Beringen FC (- 2002),3,1
1967,1,1967/09/02,17:00:00,4009885,1878,KSV Waregem (- 2001),30,Lierse SK (- 2018),1,0
1967,1,1967/09/02,19:00:00,4009883,1,R Antwerp FC,35,RSC Anderlecht,2,3
1967,1,1967/09/03,15:00:00,4009887,29,R Charleroi SC,1483,Royal Beerschot AC,1,0
1967,1,1967/09/03,15:00:00,4009888,322,Sint-Truidense VV,384,SK Beveren-Waes,1,1
1967,1,1967/09/03,15:00:00,4009890,1,Royal Racing White Brüssel,16,RFC Luik,1,1
1967,1,1967/09/03,18:00:00,4009886,16,Standard Luik,244,Olympic Charleroi,3,1
1967,1,1967/09/03,19:00:00,4009889,3,Daring Club Brussel,3,Club Brugge,1,4
1966,1,1966/09/04,15:00:00,4009647,16,RFC Luik,396,Beringen FC (- 2002),1,3
1966,1,1966/09/04,15:00:00,4009648,3,Club Brugge,30,Lierse SK (- 2018),3,1
1966,1,1966/09/04,15:00:00,4009649,25,KV Mechelen,29,R Charleroi SC,1,1
1966,1,1966/09/04,15:00:00,4009650,1,Royal Racing White Brüssel,7,Association Royale Athlétique Gent,2,0
1966,1,1966/09/04,15:00:00,4009643,3,Daring Club Brussel,16,Standard Luik,3,2
1966,1,1966/09/04,15:00:00,4009644,1878,KSV Waregem (- 2001),35,RSC Anderlecht,1,1
1966,1,1966/09/04,15:00:00,4009645,322,Sint-Truidense VV,1,R Antwerp FC,0,1
1966,1,1966/09/04,15:00:00,4009646,1483,Royal Beerschot AC,21,RFC Tilleur,4,1
1965,1,1965/09/04,19:30:00,4009404,35,RSC Anderlecht,3,Club Brugge,3,1
1965,1,1965/09/04,19:30:00,4009405,1483,Royal Beerschot AC,21,RFC Tilleur,2,1
1965,1,1965/09/04,20:00:00,4009403,16,Standard Luik,1,R Antwerp FC,2,2
1965,1,1965/09/05,14:00:00,4009406,30,Lierse SK (- 2018),28,Berchem Sport,2,1
1965,1,1965/09/05,15:00:00,4009407,16,RFC Luik,396,Beringen FC (- 2002),5,0
1965,1,1965/09/05,15:00:00,4009408,12,Cercle Brugge,322,Sint-Truidense VV,0,1
1965,1,1965/09/05,15:00:00,4009410,7,Association Royale Athlétique Gent,1,Royal Racing White Brüssel,2,1
1965,1,1965/09/05,19:00:00,4009409,3,Daring Club Brussel,25,KV Mechelen,0,0
1964,1,1964/09/04,19:30:00,4009163,35,RSC Anderlecht,1,R Antwerp FC,6,0
1964,1,1964/09/05,17:00:00,4009164,28,Berchem Sport,41,KFC Diest,1,0
1964,1,1964/09/05,20:00:00,4009165,7,Association Royale Athlétique Gent,16,RFC Luik,3,3
1964,1,1964/09/06,15:00:00,4009166,16,Standard Luik,12,Cercle Brugge,5,0
1964,1,1964/09/06,15:00:00,4009167,322,Sint-Truidense VV,1483,Royal Beerschot AC,0,1
1964,1,1964/09/06,15:00:00,4009168,396,Beringen FC (- 2002),21,RFC Tilleur,3,1
1964,1,1964/09/06,15:00:00,4009169,3,Club Brugge,3,Daring Club Brussel,6,0
1964,1,1964/09/06,15:00:00,4009170,50,Union Saint-Gilloise,30,Lierse SK (- 2018),1,2
1963,1,1963/09/07,20:00:00,4008923,1,R Antwerp FC,25,KV Mechelen,2,1
1963,1,1963/09/07,20:00:00,4008924,7,Association Royale Athlétique Gent,3,Daring Club Brussel,2,0
1963,1,1963/09/08,15:00:00,4008925,16,Standard Luik,41,KFC Diest,2,1
1963,1,1963/09/08,15:00:00,4008926,35,RSC Anderlecht,28,Berchem Sport,2,0
1963,1,1963/09/08,15:00:00,4008927,1483,Royal Beerschot AC,30,Lierse SK (- 2018),1,0
1963,1,1963/09/08,15:00:00,4008928,396,Beringen FC (- 2002),16,RFC Luik,2,2
1963,1,1963/09/08,15:00:00,4008929,12,Cercle Brugge,148,KFC Turnhout,1,1
1963,1,1963/09/08,15:00:00,4008930,322,Sint-Truidense VV,3,Club Brugge,1,1
1962,1,1962/09/01,19:30:00,4008683,35,RSC Anderlecht,41,KFC Diest,2,0
1962,1,1962/09/01,19:30:00,4008684,1,R Antwerp FC,7,Association Royale Athlétique Gent,5,3
1962,1,1962/09/02,15:00:00,4008685,322,Sint-Truidense VV,16,Standard Luik,1,2
1962,1,1962/09/02,15:00:00,4008686,3,Club Brugge,1483,Royal Beerschot AC,2,0
1962,1,1962/09/02,15:00:00,4008687,396,Beringen FC (- 2002),28,Berchem Sport,5,2
1962,1,1962/09/02,15:00:00,4008688,50,Union Saint-Gilloise,12,Cercle Brugge,1,3
1962,1,1962/09/02,15:00:00,4008689,244,Olympic Charleroi,3,Daring Club Brussel,0,2
1962,1,1962/09/02,15:00:00,4008690,16,RFC Luik,30,Lierse SK (- 2018),5,0
1961,1,1961/09/02,19:30:00,4008443,7,Association Royale Athlétique Gent,3,Daring Club Brussel,2,2
1961,1,1961/09/03,15:00:00,4008444,16,Standard Luik,1483,Royal Beerschot AC,1,1
1961,1,1961/09/03,15:00:00,4008445,30,Lierse SK (- 2018),90,KSC Eendracht Aalst,2,3
1961,1,1961/09/03,15:00:00,4008446,35,RSC Anderlecht,1054,Waterschei SV THOR (- 1988),6,1
1961,1,1961/09/03,15:00:00,4008447,1,R Antwerp FC,16,RFC Luik,3,1
1961,1,1961/09/03,15:00:00,4008448,12,Cercle Brugge,41,KFC Diest,3,1
1961,1,1961/09/03,15:00:00,4008449,50,Union Saint-Gilloise,3,Club Brugge,1,2
1961,1,1961/09/03,15:00:00,4008450,322,Sint-Truidense VV,244,Olympic Charleroi,3,0
1960,1,1960/09/04,15:00:00,4008203,322,Sint-Truidense VV,16,Standard Luik,0,2
1960,1,1960/09/04,15:00:00,4008204,90,KSC Eendracht Aalst,1,R Antwerp FC,3,2
1960,1,1960/09/04,15:00:00,4008205,244,Olympic Charleroi,35,RSC Anderlecht,0,7
1960,1,1960/09/04,15:00:00,4008206,1483,Royal Beerschot AC,33,Stade Verviétois,1,0
1960,1,1960/09/04,15:00:00,4008207,3,Club Brugge,50,Union Saint-Gilloise,1,2
1960,1,1960/09/04,15:00:00,4008208,3,Daring Club Brussel,52,K Patro Eisden,2,1
1960,1,1960/09/04,15:00:00,4008209,16,RFC Luik,7,Association Royale Athlétique Gent,2,1
1960,1,1960/09/04,15:00:00,4008210,1054,Waterschei SV THOR (- 1988),30,Lierse SK (- 2018),5,0
